{"type":"FeatureCollection","name":"gathra-supported-core-administrative-boundaries","source":{"name":"OpenStreetMap","license":"ODbL-1.0","snapshot":"2026-07-27"},"features":[{"type":"Feature","geometry":{"type":"MultiPolygon","coordinates":[[[[106.7918334,-6.2087557],[106.791957,-6.209082],[106.792019,-6.209138],[106.792191,-6.209196],[106.792489,-6.209247],[106.792588,-6.209396],[106.792717,-6.20978],[106.792746,-6.209991],[106.792672,-6.210347],[106.792838,-6.2104087],[106.793341,-6.2106608],[106.793524,-6.210768],[106.7936544,-6.2108343],[106.7937706,-6.2110122],[106.7937571,-6.2114627],[106.793616,-6.211516],[106.793519,-6.211595],[106.7934616,-6.2116733],[106.7936113,-6.2117353],[106.7938673,-6.2116929],[106.793979,-6.2117206],[106.7940293,-6.2117956],[106.794027,-6.211923],[106.7941215,-6.2119706],[106.794225,-6.211984],[106.794301,-6.21195],[106.7945092,-6.2118468],[106.7946578,-6.2118539],[106.794778,-6.211934],[106.7948331,-6.2120124],[106.7951299,-6.2121705],[106.795848,-6.212405],[106.7958395,-6.2125205],[106.7957896,-6.2126403],[106.7957165,-6.2126971],[106.7954914,-6.2127536],[106.795197,-6.212787],[106.795094,-6.21287],[106.795138,-6.213037],[106.7951327,-6.2132508],[106.795259,-6.213376],[106.7953084,-6.2134835],[106.7953858,-6.2138754],[106.795421,-6.214008],[106.7955783,-6.214153],[106.795733,-6.214463],[106.795837,-6.214679],[106.7959561,-6.2149858],[106.796058,-6.21519],[106.796227,-6.215675],[106.796259,-6.215886],[106.7961773,-6.2162137],[106.796133,-6.2164152],[106.79654,-6.2174726],[106.796872,-6.218109],[106.7971759,-6.2184417],[106.797019,-6.218621],[106.7969474,-6.2186256],[106.7963288,-6.2220099],[106.796074,-6.223609],[106.7960935,-6.2236728],[106.7961488,-6.2240184],[106.7962238,-6.2246248],[106.7963562,-6.2255434],[106.7963941,-6.2257506],[106.7963941,-6.2264679],[106.7962939,-6.2268465],[106.796033,-6.227514],[106.7957928,-6.2280022],[106.7956828,-6.2283529],[106.795623,-6.22857],[106.795873,-6.22871],[106.795743,-6.229058],[106.7958306,-6.2292594],[106.7963506,-6.229282],[106.797595,-6.22926],[106.7979066,-6.2291333],[106.7982878,-6.2288806],[106.798588,-6.228915],[106.7991427,-6.229007],[106.7994325,-6.2289431],[106.7997854,-6.2288189],[106.8010173,-6.22794],[106.80307,-6.22634],[106.8030179,-6.2262325],[106.8057471,-6.2241644],[106.8069383,-6.2233915],[106.8080449,-6.2226723],[106.8087648,-6.2221626],[106.812367,-6.2193738],[106.8134408,-6.2185224],[106.8142271,-6.217888],[106.816779,-6.215875],[106.8183954,-6.2145994],[106.8190454,-6.2138315],[106.8195622,-6.2131804],[106.820413,-6.211628],[106.821039,-6.2104497],[106.8212889,-6.2099658],[106.8215751,-6.2093227],[106.8217628,-6.2086953],[106.8220783,-6.2071399],[106.8222242,-6.2059583],[106.822241,-6.2055402],[106.8223386,-6.2046356],[106.822407,-6.204196],[106.8224533,-6.2039947],[106.8225207,-6.2036621],[106.8226158,-6.2032716],[106.8226977,-6.202994],[106.8227762,-6.2026783],[106.824874,-6.203128],[106.826287,-6.203444],[106.827323,-6.203687],[106.827657,-6.203761],[106.8278152,-6.2038047],[106.8279334,-6.20383],[106.8279871,-6.2038393],[106.8339935,-6.2048713],[106.8369284,-6.2054173],[106.8370265,-6.2054337],[106.8374618,-6.2055283],[106.838737,-6.205957],[106.840969,-6.206863],[106.8413665,-6.2069907],[106.8431492,-6.2075582],[106.8441847,-6.2078782],[106.8456987,-6.2084251],[106.8461933,-6.2085486],[106.846634,-6.208759],[106.847696,-6.209144],[106.847979,-6.208788],[106.848026,-6.208687],[106.848331,-6.208496],[106.848562,-6.2083505],[106.848741,-6.208209],[106.8487659,-6.2081734],[106.8489281,-6.2079408],[106.8489233,-6.2078443],[106.848909,-6.207664],[106.8490168,-6.2075816],[106.8491498,-6.2075531],[106.849148,-6.207294],[106.849159,-6.207038],[106.849271,-6.206649],[106.84934,-6.206359],[106.849394,-6.206204],[106.849556,-6.205918],[106.849653,-6.205723],[106.8499805,-6.20553],[106.8503332,-6.2054953],[106.8508442,-6.2057323],[106.851159,-6.2058413],[106.8516946,-6.2059193],[106.8521181,-6.205885],[106.8524494,-6.2058433],[106.8527643,-6.2059217],[106.853027,-6.20609],[106.8532102,-6.2063373],[106.853429,-6.2064893],[106.8537197,-6.206565],[106.8543653,-6.206329],[106.8547781,-6.2060567],[106.855035,-6.205855],[106.855525,-6.20507],[106.855685,-6.204638],[106.855758,-6.204476],[106.855778,-6.204183],[106.855749,-6.203652],[106.855717,-6.20324],[106.855641,-6.2029963],[106.8554777,-6.2027183],[106.8552236,-6.2024483],[106.8547625,-6.2023583],[106.8538177,-6.2021713],[106.8529442,-6.2018763],[106.8526792,-6.2018687],[106.8524296,-6.2020037],[106.8521044,-6.2022107],[106.85164,-6.2024753],[106.8515179,-6.202422],[106.851385,-6.202307],[106.851255,-6.202059],[106.851196,-6.201935],[106.851038,-6.201599],[106.851177,-6.201523],[106.852511,-6.20063],[106.853911,-6.1994627],[106.8548821,-6.1987287],[106.856271,-6.197719],[106.8577741,-6.1967617],[106.8584645,-6.1962913],[106.8596944,-6.1954197],[106.8606753,-6.194686],[106.860992,-6.194471],[106.861354,-6.194246],[106.8618616,-6.1939627],[106.8622179,-6.193747],[106.862736,-6.1935345],[106.8630047,-6.1934243],[106.863064,-6.1934],[106.8636284,-6.19317],[106.8640291,-6.1930325],[106.864269,-6.1929502],[106.864411,-6.192892],[106.865675,-6.192632],[106.867085,-6.19248],[106.867548,-6.192403],[106.8689238,-6.192269],[106.8699977,-6.192199],[106.871088,-6.1921197],[106.872257,-6.192089],[106.8730375,-6.1921187],[106.8738779,-6.1921883],[106.8747674,-6.192343],[106.875034,-6.192381],[106.8750564,-6.192173],[106.875378,-6.189915],[106.875392,-6.189572],[106.8754548,-6.188246],[106.8754238,-6.1881567],[106.875422,-6.18791],[106.875437,-6.187336],[106.87553,-6.186728],[106.875555,-6.186109],[106.875483,-6.185549],[106.875523,-6.184346],[106.875688,-6.181909],[106.875704,-6.181596],[106.875691,-6.181122],[106.875696,-6.180754],[106.8757493,-6.1805231],[106.87578,-6.18039],[106.875879,-6.178863],[106.875915,-6.178268],[106.87599,-6.176998],[106.876023,-6.176663],[106.876052,-6.176192],[106.8762248,-6.1752213],[106.8763571,-6.17464],[106.8764627,-6.1742077],[106.876737,-6.173054],[106.876819,-6.172728],[106.877318,-6.170932],[106.877354,-6.170792],[106.877544,-6.170053],[106.877818,-6.169251],[106.877902,-6.168793],[106.878091,-6.168146],[106.878417,-6.167263],[106.878718,-6.166643],[106.8788769,-6.1662919],[106.879803,-6.1652264],[106.8801895,-6.1647818],[106.880953,-6.1639034],[106.8820391,-6.162307],[106.8793881,-6.1629988],[106.8773013,-6.1635028],[106.87695,-6.163484],[106.875815,-6.162684],[106.8745545,-6.161905],[106.874186,-6.161649],[106.872702,-6.160765],[106.871693,-6.160177],[106.8702224,-6.1593637],[106.868163,-6.15818],[106.8679039,-6.1580233],[106.8677244,-6.1579146],[106.8669058,-6.1575067],[106.8654006,-6.156655],[106.8636043,-6.1556693],[106.862262,-6.154895],[106.861816,-6.1546223],[106.8609306,-6.1541057],[106.8603389,-6.153759],[106.8591542,-6.1531216],[106.8593527,-6.1528229],[106.859122,-6.1526949],[106.8589289,-6.1529776],[106.8585756,-6.1527907],[106.8567602,-6.1516822],[106.8565416,-6.1519042],[106.856504,-6.1519424],[106.8564482,-6.1519731],[106.8563056,-6.1520515],[106.8561005,-6.152107],[106.8555216,-6.1521607],[106.850381,-6.152801],[106.847346,-6.1531899],[106.8468596,-6.1532522],[106.8453185,-6.1533954],[106.8413397,-6.1506812],[106.841657,-6.1501991],[106.8418751,-6.1498602],[106.8420335,-6.1494507],[106.8421444,-6.1490917],[106.8423019,-6.1487033],[106.8423719,-6.1484439],[106.8424524,-6.1482553],[106.8425625,-6.1481527],[106.84297,-6.147753],[106.8433351,-6.1473354],[106.8434073,-6.1472066],[106.8434237,-6.1471026],[106.84342,-6.146996],[106.8433801,-6.146924],[106.84332,-6.146859],[106.8431508,-6.1466614],[106.843102,-6.146543],[106.843291,-6.146015],[106.843609,-6.145558],[106.843927,-6.144949],[106.843168,-6.144521],[106.842062,-6.143939],[106.8420301,-6.1439164],[106.841382,-6.1435545],[106.8407204,-6.1431777],[106.839918,-6.142706],[106.8396097,-6.1425239],[106.8389863,-6.1421569],[106.8388404,-6.1420484],[106.8386122,-6.1419147],[106.8383829,-6.1417781],[106.8379548,-6.1427805],[106.8378077,-6.1432054],[106.8376868,-6.1435547],[106.8375082,-6.1438765],[106.8372674,-6.1445646],[106.837248,-6.144806],[106.8371772,-6.145228],[106.83716,-6.145708],[106.8372064,-6.1461259],[106.8370575,-6.1456081],[106.83692,-6.14513],[106.836724,-6.144549],[106.8366537,-6.1444038],[106.836588,-6.144268],[106.8365465,-6.144194],[106.836102,-6.143466],[106.836006,-6.143336],[106.8358372,-6.1431718],[106.8355723,-6.142952],[106.8354337,-6.1428181],[106.835277,-6.1426734],[106.8351529,-6.1425745],[106.8348557,-6.1423883],[106.834669,-6.1422406],[106.8341377,-6.1419445],[106.8337713,-6.1418032],[106.833369,-6.141699],[106.8327386,-6.1414553],[106.8320509,-6.1412208],[106.8311966,-6.1404297],[106.8306839,-6.1392577],[106.83071,-6.137397],[106.830702,-6.135334],[106.82983,-6.135487],[106.828204,-6.135766],[106.826092,-6.136084],[106.824569,-6.136332],[106.822641,-6.136582],[106.821732,-6.136737],[106.821262,-6.136834],[106.821377,-6.136978],[106.821513,-6.137141],[106.82177,-6.137623],[106.821845,-6.137838],[106.822021,-6.138521],[106.822498,-6.140099],[106.82268,-6.140363],[106.82289,-6.140961],[106.823208,-6.141565],[106.823553,-6.142104],[106.823931,-6.142737],[106.82446,-6.143648],[106.8245134,-6.1437573],[106.824744,-6.144215],[106.824937,-6.144474],[106.825181,-6.144822],[106.825303,-6.145029],[106.825609,-6.145542],[106.825797,-6.145822],[106.826029,-6.146259],[106.826323,-6.146945],[106.826646,-6.148481],[106.826828,-6.149509],[106.826897,-6.149967],[106.827047,-6.150654],[106.827155,-6.151225],[106.827196,-6.151844],[106.8271957,-6.1519711],[106.827195,-6.1522527],[106.827193,-6.153126],[106.827214,-6.153779],[106.827209,-6.154035],[106.827245,-6.155364],[106.827296,-6.156719],[106.827349,-6.15754],[106.827399,-6.158284],[106.827456,-6.159379],[106.827484,-6.159787],[106.827614,-6.160575],[106.827876,-6.161348],[106.82807,-6.161808],[106.828502,-6.162621],[106.827872,-6.162239],[106.826814,-6.161812],[106.825826,-6.161404],[106.825006,-6.161089],[106.823003,-6.160347],[106.820659,-6.159557],[106.8205063,-6.1595396],[106.820024,-6.159621],[106.819061,-6.159687],[106.817433,-6.160043],[106.815444,-6.160324],[106.814083,-6.160531],[106.813492,-6.1606098],[106.812798,-6.160676],[106.811983,-6.1606747],[106.8114895,-6.160679],[106.8114024,-6.1606924],[106.8108769,-6.160767],[106.8107459,-6.160794],[106.8103911,-6.1609093],[106.809929,-6.161043],[106.809722,-6.161086],[106.808863,-6.161215],[106.8081088,-6.1613093],[106.8065135,-6.161528],[106.8055658,-6.1616854],[106.8049862,-6.1617874],[106.8044799,-6.1618405],[106.8042056,-6.1618317],[106.8039505,-6.1617844],[106.8033744,-6.16161],[106.8029812,-6.1613547],[106.8027458,-6.1612007],[106.8025224,-6.1609247],[106.802013,-6.160481],[106.8015927,-6.1601673],[106.8014442,-6.1580057],[106.801394,-6.1571947],[106.8013076,-6.1588074],[106.8011458,-6.1593481],[106.80095,-6.1596065],[106.8008316,-6.1599503],[106.8006282,-6.160146],[106.8003922,-6.1603337],[106.8002059,-6.1604653],[106.799453,-6.160811],[106.798229,-6.161343],[106.7989031,-6.162969],[106.79954,-6.164667],[106.799643,-6.16481],[106.800389,-6.165999],[106.800498,-6.166195],[106.802427,-6.169052],[106.803096,-6.169936],[106.803703,-6.170888],[106.804252,-6.17168],[106.804736,-6.172326],[106.80547,-6.173445],[106.805929,-6.1741],[106.807362,-6.176194],[106.80801,-6.177066],[106.808646,-6.177972],[106.809544,-6.179263],[106.809864,-6.179697],[106.809974,-6.180387],[106.810044,-6.181949],[106.8101245,-6.1827309],[106.810213,-6.183328],[106.810362,-6.185024],[106.81037,-6.185599],[106.810465,-6.186731],[106.810665,-6.188151],[106.81069,-6.188581],[106.810452,-6.188854],[106.8097174,-6.188805],[106.809187,-6.1887862],[106.8089062,-6.1887709],[106.808867,-6.188773],[106.808768,-6.1887777],[106.808743,-6.1887783],[106.8080517,-6.1888434],[106.8079821,-6.1888521],[106.8078233,-6.1888677],[106.807685,-6.1888813],[106.8074673,-6.1889207],[106.8074521,-6.188921],[106.8070861,-6.1889517],[106.80673,-6.189014],[106.8065843,-6.1899562],[106.806548,-6.190191],[106.8064993,-6.190398],[106.806399,-6.190824],[106.8062419,-6.1911794],[106.806106,-6.191484],[106.8060398,-6.1916383],[106.8059886,-6.1917611],[106.8059498,-6.1918526],[106.8059311,-6.1918925],[106.8057811,-6.1922121],[106.8056871,-6.1924257],[106.805577,-6.192676],[106.805497,-6.192907],[106.80548,-6.1930147],[106.8054444,-6.1932473],[106.805391,-6.193579],[106.805292,-6.194362],[106.805218,-6.194889],[106.805172,-6.195279],[106.805121,-6.1955652],[106.805113,-6.195668],[106.804839,-6.196364],[106.804605,-6.1968102],[106.804561,-6.196891],[106.804402,-6.197282],[106.80407,-6.19756],[106.803651,-6.197808],[106.8035553,-6.1979566],[106.803301,-6.198344],[106.803052,-6.19883],[106.802855,-6.198998],[106.8027323,-6.1990668],[106.80258,-6.199146],[106.801826,-6.199532],[106.8016671,-6.1996086],[106.8014951,-6.1996877],[106.800555,-6.200144],[106.8001063,-6.2004275],[106.7998229,-6.2007399],[106.7997234,-6.2009847],[106.79966,-6.2011361],[106.799558,-6.201415],[106.799374,-6.201674],[106.7989185,-6.202115],[106.7988118,-6.2022182],[106.7985482,-6.2023871],[106.798159,-6.202812],[106.797726,-6.203301],[106.797243,-6.203992],[106.7970477,-6.2044453],[106.796885,-6.204787],[106.7968219,-6.204976],[106.79648,-6.206001],[106.796304,-6.206537],[106.796156,-6.207579],[106.794935,-6.207701],[106.794825,-6.207708],[106.792496,-6.207814],[106.7923939,-6.2077815],[106.792331,-6.207859],[106.79224,-6.208057],[106.7920655,-6.2082204],[106.791861,-6.208681],[106.7918334,-6.2087557]]]]},"properties":{"access":"private","admin_level":"5","alt_name":"Kota Jakarta Pusat;Jakarta Sentral;Jakarta Tengah","boundary":"administrative","name":"Jakarta Pusat","name:bew":"Jakarte Belah Tengah","name:en":"Central Jakarta","name:ja":"中央ジャカルタ","name:ko":"자카르타푸삿","official_name":"Kota Administrasi Jakarta Pusat","place":"city","short_name":"Jakpus","wikidata":"Q10109","wikipedia":"id:Kota Administrasi Jakarta Pusat","gathraCode":"JAKARTA_PUSAT","osmRelationId":7625977}},{"type":"Feature","geometry":{"type":"MultiPolygon","coordinates":[[[[106.737454,-6.223777],[106.7376114,-6.2245319],[106.7377286,-6.225031],[106.7377845,-6.2253202],[106.738003,-6.2254217],[106.7394873,-6.2253216],[106.7397894,-6.225481],[106.7399871,-6.226178],[106.7405635,-6.2261712],[106.7404445,-6.226246],[106.7404234,-6.2269485],[106.7403923,-6.2276638],[106.7409825,-6.2277245],[106.7416383,-6.2277318],[106.7423876,-6.2274061],[106.7424455,-6.2273829],[106.7426544,-6.2273182],[106.7428547,-6.2273226],[106.7430262,-6.2273785],[106.7431969,-6.2274674],[106.7434091,-6.2276184],[106.7434192,-6.2279002],[106.7433585,-6.2281623],[106.7432837,-6.2286625],[106.7433717,-6.2288387],[106.7435171,-6.2288572],[106.7436618,-6.2288098],[106.7437831,-6.228802],[106.7440524,-6.2288405],[106.7443474,-6.2289304],[106.7445157,-6.2290569],[106.7443237,-6.2294941],[106.7442483,-6.2297039],[106.7441787,-6.2298978],[106.7439796,-6.2305364],[106.7447377,-6.2306843],[106.745574,-6.2308055],[106.7455125,-6.231128],[106.7454491,-6.231838],[106.7452892,-6.2318714],[106.7451773,-6.2318992],[106.7450836,-6.2319548],[106.7449946,-6.2320531],[106.7448659,-6.2321365],[106.7446361,-6.2321624],[106.7445557,-6.2322538],[106.7445377,-6.2323293],[106.7445389,-6.2324262],[106.7447049,-6.2326542],[106.7447751,-6.2329609],[106.74483,-6.2332005],[106.744854,-6.2334921],[106.7448424,-6.2337924],[106.7447459,-6.2340668],[106.7446601,-6.2342744],[106.7444533,-6.2347502],[106.744359,-6.2351803],[106.7442312,-6.2356164],[106.7440991,-6.2363572],[106.7445804,-6.2364452],[106.7448798,-6.2364727],[106.7450616,-6.2364601],[106.7451532,-6.236395],[106.7465719,-6.2362538],[106.7466187,-6.236345],[106.7465474,-6.2364146],[106.7465716,-6.2366019],[106.7466343,-6.2369212],[106.7466826,-6.2371588],[106.7467817,-6.2373773],[106.7469869,-6.2374541],[106.7471125,-6.2376006],[106.7472139,-6.237855],[106.7473492,-6.2382199],[106.7474796,-6.2386041],[106.7476269,-6.2389522],[106.7478153,-6.2393147],[106.7478559,-6.2393959],[106.7480037,-6.2396916],[106.7481317,-6.2399509],[106.7482558,-6.2402217],[106.7484152,-6.2404474],[106.7485746,-6.2406058],[106.7486422,-6.2407451],[106.7486519,-6.2409611],[106.7486036,-6.2411436],[106.748507,-6.2412732],[106.7484297,-6.2413357],[106.7484056,-6.2414269],[106.7483814,-6.2414797],[106.7482027,-6.2415709],[106.7478014,-6.2419103],[106.7475744,-6.2422176],[106.7475599,-6.2423664],[106.7474982,-6.2423914],[106.747392,-6.2424971],[106.7473533,-6.2425931],[106.7473099,-6.2427755],[106.7472712,-6.2429148],[106.7472374,-6.24303],[106.7472133,-6.2431164],[106.7472229,-6.2432077],[106.7471601,-6.2432893],[106.7470829,-6.2434285],[106.7470346,-6.2436446],[106.7470491,-6.2438414],[106.7470491,-6.2441151],[106.7470152,-6.2443456],[106.7469621,-6.2445953],[106.74688,-6.2448449],[106.7468124,-6.2453587],[106.7468087,-6.245687],[106.7467985,-6.2460333],[106.7467722,-6.2464271],[106.7467655,-6.2466701],[106.7467775,-6.2469722],[106.7467848,-6.2470891],[106.7467711,-6.2474185],[106.7468702,-6.2475135],[106.7470478,-6.2477478],[106.747099,-6.2479379],[106.7472049,-6.2481858],[106.7472391,-6.2483827],[106.7472322,-6.2486203],[106.747263,-6.2487697],[106.7473757,-6.2488987],[106.7475433,-6.2489776],[106.7477051,-6.2490617],[106.7478693,-6.2491361],[106.7480142,-6.2492489],[106.7481036,-6.2493618],[106.7481905,-6.2495106],[106.7482106,-6.2496308],[106.7481961,-6.249806],[106.748155,-6.2499741],[106.7481212,-6.2501445],[106.7492104,-6.2501133],[106.749848,-6.2501061],[106.7506501,-6.2501016],[106.7511127,-6.250084],[106.7518805,-6.2500333],[106.7518772,-6.2504703],[106.7519066,-6.2508361],[106.7519815,-6.2510903],[106.7522045,-6.2510886],[106.7523413,-6.2512149],[106.752413,-6.2512311],[106.7524569,-6.2512537],[106.7524781,-6.2513816],[106.752527,-6.2514998],[106.752623,-6.2515516],[106.752667,-6.2516584],[106.752724,-6.2517134],[106.7529243,-6.2517442],[106.7531569,-6.2517774],[106.7539876,-6.2516908],[106.7537238,-6.252301],[106.7543649,-6.2541489],[106.7542918,-6.2553196],[106.7540965,-6.2556206],[106.7540431,-6.2559619],[106.7544615,-6.2576791],[106.7544208,-6.2598654],[106.7538949,-6.2597555],[106.753368,-6.2596973],[106.7531153,-6.2596697],[106.7528565,-6.2596942],[106.7527672,-6.2596605],[106.7526593,-6.2596728],[106.7525762,-6.2597279],[106.7516025,-6.2605671],[106.7514191,-6.2611043],[106.7515164,-6.261183],[106.7515589,-6.2612533],[106.7515624,-6.2613343],[106.7514566,-6.2616829],[106.75147,-6.2617256],[106.7515237,-6.2617682],[106.7523442,-6.2619981],[106.7527563,-6.2621123],[106.7530925,-6.2622074],[106.7532509,-6.2622522],[106.7534434,-6.2622722],[106.7536359,-6.2622705],[106.7537956,-6.2622336],[106.7542152,-6.2620259],[106.7543491,-6.2619943],[106.7550844,-6.2619931],[106.7553324,-6.2619568],[106.7559869,-6.2617386],[106.7563681,-6.2615583],[106.7564984,-6.2620821],[106.7565446,-6.2623301],[106.7565502,-6.262423],[106.7562553,-6.2624918],[106.755963,-6.2625577],[106.7557462,-6.262638],[106.7549678,-6.2634027],[106.75409,-6.2639169],[106.7535025,-6.2642407],[106.7534193,-6.26427],[106.7533549,-6.2642727],[106.7532691,-6.264246],[106.7531457,-6.26423],[106.753025,-6.264262],[106.7529419,-6.2642913],[106.7526026,-6.264498],[106.7525248,-6.2646213],[106.7524872,-6.2647452],[106.7524889,-6.2648856],[106.7524982,-6.2649146],[106.7525382,-6.2650385],[106.7527689,-6.2654811],[106.7528226,-6.2657244],[106.7530309,-6.2659657],[106.7526789,-6.2666027],[106.7526654,-6.2676216],[106.7527077,-6.2677764],[106.7528962,-6.2679886],[106.7531635,-6.2682352],[106.7534068,-6.2684598],[106.753543,-6.2685711],[106.7504413,-6.2718214],[106.7507011,-6.2719753],[106.7510819,-6.2716074],[106.7513895,-6.271911],[106.751382,-6.2723941],[106.7513734,-6.2726232],[106.7513931,-6.2730098],[106.7513992,-6.2737226],[106.751481,-6.2745465],[106.7520804,-6.2745176],[106.7529617,-6.2744877],[106.7539384,-6.2744535],[106.7543535,-6.2744445],[106.7546654,-6.2744415],[106.7551072,-6.2744388],[106.7560946,-6.2743575],[106.756398,-6.2743799],[106.75682,-6.2743821],[106.7569459,-6.2742346],[106.7570383,-6.2743759],[106.7570919,-6.2746718],[106.7571751,-6.2749811],[106.7572153,-6.2751864],[106.7572367,-6.2753757],[106.7572101,-6.2757483],[106.7571136,-6.2759038],[106.7571207,-6.2761782],[106.7570357,-6.2762591],[106.7570747,-6.2766496],[106.7571087,-6.2769095],[106.7571087,-6.2771246],[106.7570514,-6.2773793],[106.7569967,-6.2775302],[106.7575241,-6.2777354],[106.7578952,-6.2779287],[106.7583194,-6.2780011],[106.7587355,-6.2780619],[106.7598925,-6.2782035],[106.7599745,-6.278161],[106.7600727,-6.2781021],[106.76031,-6.2779839],[106.7604912,-6.27794],[106.760838,-6.2779026],[106.7611937,-6.2778873],[106.7616885,-6.2778346],[106.7622651,-6.2778587],[106.7621436,-6.2786646],[106.7621338,-6.2787321],[106.7621255,-6.2787895],[106.7620296,-6.2792846],[106.7619536,-6.2796768],[106.761863,-6.2801665],[106.7616551,-6.2811544],[106.7615263,-6.2818217],[106.7614402,-6.2821671],[106.7612379,-6.2828209],[106.7609406,-6.2837877],[106.7606219,-6.2847862],[106.760142,-6.286435],[106.7610383,-6.286687],[106.761832,-6.286921],[106.7626262,-6.2868976],[106.7630225,-6.2868871],[106.7630047,-6.2875365],[106.7630784,-6.2876337],[106.7630808,-6.287863],[106.7631208,-6.2887314],[106.7635864,-6.2887398],[106.7649601,-6.2887714],[106.7656785,-6.2887772],[106.7659533,-6.2887879],[106.7662257,-6.2888768],[106.7661341,-6.2889746],[106.7660897,-6.2890907],[106.7661037,-6.2891951],[106.7661597,-6.2892439],[106.7663701,-6.2892902],[106.7664286,-6.2893258],[106.7664866,-6.2893947],[106.7665007,-6.2894783],[106.766468,-6.2897962],[106.766475,-6.2900051],[106.7665287,-6.290279],[106.7667093,-6.2906936],[106.766799,-6.2908906],[106.7668462,-6.2909938],[106.7668806,-6.2910845],[106.7669361,-6.2912271],[106.7670032,-6.2913577],[106.7670604,-6.2914398],[106.7671185,-6.291503],[106.7671936,-6.2915577],[106.7672831,-6.2915934],[106.7674028,-6.2916136],[106.7675195,-6.291627],[106.7675959,-6.2916283],[106.7677841,-6.2915672],[106.7678592,-6.2915032],[106.7678887,-6.2914179],[106.7678753,-6.2913006],[106.7679799,-6.290882],[106.7680899,-6.2906914],[106.7681998,-6.2905207],[106.7685539,-6.2901581],[106.768688,-6.2900195],[106.7687819,-6.2899955],[106.7688704,-6.2900728],[106.7690096,-6.2902183],[106.769224,-6.2904832],[106.7692737,-6.2906992],[106.7693407,-6.2911697],[106.7693944,-6.2914524],[106.7694605,-6.2917351],[106.7695664,-6.2918884],[106.7696053,-6.2919471],[106.769616,-6.2919977],[106.7695986,-6.292051],[106.7695034,-6.2922177],[106.7694658,-6.2922337],[106.7694296,-6.2922257],[106.7693693,-6.2921917],[106.7692405,-6.2921224],[106.7688766,-6.2918936],[106.7686541,-6.2917803],[106.7685817,-6.2917803],[106.7685159,-6.2918096],[106.7684422,-6.2918922],[106.7683831,-6.2920002],[106.7681552,-6.2920295],[106.7676348,-6.2922828],[106.7675892,-6.2923148],[106.767565,-6.2923586],[106.7675637,-6.2924039],[106.7675771,-6.2924492],[106.7676362,-6.2925254],[106.7676978,-6.2926054],[106.7679111,-6.292856],[106.7680921,-6.293044],[106.7682287,-6.293178],[106.7682748,-6.2932549],[106.7682971,-6.2933526],[106.7682877,-6.2934513],[106.7682421,-6.2935459],[106.7681096,-6.2937345],[106.7680157,-6.2938291],[106.7679553,-6.2938998],[106.7678438,-6.2940658],[106.7675826,-6.2944612],[106.7675139,-6.294535],[106.7673972,-6.294631],[106.7672994,-6.2947207],[106.7672325,-6.2948031],[106.7671893,-6.2948923],[106.7671665,-6.2949976],[106.7671598,-6.2950976],[106.7671826,-6.2952029],[106.7672577,-6.2953415],[106.7673757,-6.2954708],[106.7674924,-6.2955788],[106.7676104,-6.2956894],[106.7677512,-6.2957894],[106.7679196,-6.2958577],[106.7680147,-6.2958929],[106.7681074,-6.2959049],[106.7683065,-6.2959387],[106.7685304,-6.295964],[106.7687435,-6.2959654],[106.7689086,-6.2959254],[106.7690387,-6.2958641],[106.7691822,-6.2957801],[106.769382,-6.2956761],[106.7694856,-6.2956288],[106.7696261,-6.2955828],[106.7697711,-6.2955563],[106.7699144,-6.2955588],[106.7700231,-6.2955828],[106.7701317,-6.2956174],[106.7702215,-6.2956801],[106.7702511,-6.2957534],[106.7702484,-6.2958307],[106.7702028,-6.2959654],[106.7701599,-6.2960693],[106.7701116,-6.296148],[106.7700512,-6.29622],[106.7699761,-6.2963],[106.7699198,-6.2963839],[106.7698702,-6.2964986],[106.7698365,-6.2966305],[106.7698125,-6.2967692],[106.7697991,-6.2969131],[106.7697884,-6.2970424],[106.7697736,-6.297345],[106.7697817,-6.297449],[106.7698071,-6.2975303],[106.7698434,-6.2976023],[106.7699064,-6.2976676],[106.7699976,-6.2977169],[106.7700834,-6.2977423],[106.77018,-6.2977569],[106.7702964,-6.2977321],[106.7703996,-6.2976807],[106.7705233,-6.2975503],[106.770593,-6.2974557],[106.7706467,-6.2973917],[106.770699,-6.2973637],[106.7707566,-6.2973757],[106.7708304,-6.2974277],[106.770872,-6.2974997],[106.7708908,-6.2975863],[106.7708881,-6.2978063],[106.7708586,-6.2980995],[106.7708747,-6.2982128],[106.7709042,-6.2983075],[106.7711016,-6.2987674],[106.7711686,-6.298902],[106.7712422,-6.2989872],[106.7713747,-6.299152],[106.7714652,-6.2993186],[106.7715214,-6.2994959],[106.7715549,-6.2995506],[106.7716461,-6.2996239],[106.7717494,-6.2996905],[106.7722268,-6.2998958],[106.772385,-6.2999958],[106.7724937,-6.3001078],[106.7726061,-6.3002777],[106.7731351,-6.3010863],[106.7732263,-6.3012942],[106.7732048,-6.3013582],[106.7730975,-6.3014275],[106.7729312,-6.3014809],[106.7726576,-6.3014862],[106.7715848,-6.3015129],[106.7713863,-6.3015608],[106.7712522,-6.3016408],[106.7711556,-6.3016995],[106.7710912,-6.3017635],[106.7710215,-6.3018754],[106.7709625,-6.3020247],[106.7709464,-6.302222],[106.7709464,-6.302366],[106.7710054,-6.3024939],[106.7711341,-6.3026752],[106.7712468,-6.3028565],[106.7714667,-6.3031285],[106.7715687,-6.3031844],[106.7717135,-6.3032164],[106.7719549,-6.3031524],[106.7724484,-6.3030085],[106.7730063,-6.3029232],[106.7731619,-6.3029178],[106.7732477,-6.3029285],[106.7733604,-6.3029658],[106.7734355,-6.3030191],[106.7734891,-6.3030778],[106.7735374,-6.3031524],[106.7735642,-6.3032218],[106.7735642,-6.3033177],[106.773532,-6.3034244],[106.7734516,-6.3036057],[106.7731082,-6.3041335],[106.7729956,-6.3043681],[106.7729795,-6.3044801],[106.7729849,-6.3045441],[106.7730063,-6.3046134],[106.7730707,-6.3046774],[106.7731404,-6.3047147],[106.7732477,-6.304736],[106.7733604,-6.3047147],[106.7735052,-6.3046454],[106.7736232,-6.3045281],[106.7738378,-6.3041762],[106.7742026,-6.3033657],[106.7742562,-6.3032911],[106.7743313,-6.3032324],[106.7744333,-6.3031951],[106.7745459,-6.3031898],[106.7748463,-6.3032324],[106.7749697,-6.3032538],[106.7751414,-6.3033124],[106.775254,-6.3034031],[106.7753881,-6.3035257],[106.7756242,-6.3037923],[106.7756778,-6.3038936],[106.77571,-6.3039949],[106.77571,-6.3041122],[106.7756778,-6.3041922],[106.7756242,-6.3042828],[106.7754901,-6.3044428],[106.7750824,-6.3048374],[106.7750394,-6.304912],[106.7750126,-6.304992],[106.7750126,-6.305072],[106.7750663,-6.3051999],[106.7751628,-6.3053332],[106.7755383,-6.3057331],[106.7756295,-6.3058664],[106.7756617,-6.3059464],[106.7756456,-6.3060157],[106.7756027,-6.3060744],[106.7755491,-6.3061117],[106.7754042,-6.306149],[106.7748892,-6.3061437],[106.7744815,-6.306133],[106.7743367,-6.306149],[106.7741972,-6.306213],[106.7740578,-6.306309],[106.7739344,-6.3064369],[106.7738485,-6.3065916],[106.7738164,-6.3067435],[106.7738244,-6.3068582],[106.7738754,-6.3069835],[106.7739519,-6.3071016],[106.774047,-6.3071142],[106.7741182,-6.3071441],[106.7742148,-6.3072354],[106.7744354,-6.307462],[106.7745696,-6.3076274],[106.7747644,-6.3078415],[106.7748991,-6.3079722],[106.7750305,-6.3080729],[106.7751103,-6.3081415],[106.7751683,-6.3082272],[106.7751667,-6.3083122],[106.7751509,-6.3084193],[106.7751113,-6.308531],[106.7750289,-6.308616],[106.7747629,-6.3087955],[106.774621,-6.3088787],[106.7744999,-6.3089309],[106.7740748,-6.3090536],[106.773918,-6.3091449],[106.7737897,-6.3091712],[106.7736514,-6.3092308],[106.7735157,-6.3093159],[106.7734114,-6.3094123],[106.7733304,-6.3095164],[106.7733036,-6.3095981],[106.7733162,-6.3096549],[106.7733436,-6.3097131],[106.773487,-6.3098532],[106.773629,-6.3099452],[106.7737533,-6.3100091],[106.7743955,-6.3101512],[106.7748026,-6.3102504],[106.7749983,-6.3103101],[106.7752331,-6.3103541],[106.7753419,-6.3103995],[106.7753894,-6.3104531],[106.7753847,-6.3105176],[106.7753482,-6.3105759],[106.7752469,-6.3106829],[106.7751075,-6.3107758],[106.7749317,-6.310875],[106.7748209,-6.3109531],[106.7746925,-6.3110639],[106.7745531,-6.311215],[106.7744977,-6.311352],[106.7744898,-6.3114984],[106.7745072,-6.3116542],[106.7745294,-6.3118258],[106.7745325,-6.3119454],[106.7745357,-6.3120336],[106.7745651,-6.3121183],[106.7746235,-6.3121882],[106.7747036,-6.3122304],[106.7747875,-6.3122524],[106.7748842,-6.3122556],[106.7749713,-6.3122194],[106.775028,-6.3121405],[106.7750726,-6.3120651],[106.775184,-6.3119369],[106.7753049,-6.3118235],[106.7754276,-6.3117497],[106.7755188,-6.3117195],[106.7756459,-6.3117118],[106.7757536,-6.3117197],[106.7758263,-6.3117616],[106.7759056,-6.3117921],[106.7760592,-6.3118],[106.7762762,-6.3118157],[106.776376,-6.3118488],[106.7764172,-6.3119102],[106.7764188,-6.3119968],[106.7763792,-6.3121353],[106.7763681,-6.3122423],[106.776395,-6.3123085],[106.7764314,-6.3123352],[106.7765502,-6.3123415],[106.7765787,-6.312373],[106.7765898,-6.3124676],[106.7765524,-6.3125622],[106.7765033,-6.3126362],[106.7764858,-6.3127197],[106.7764621,-6.3129731],[106.7764573,-6.3132801],[106.7764621,-6.3133919],[106.7764843,-6.3134847],[106.7765223,-6.3135776],[106.7765983,-6.3137256],[106.7766569,-6.3139806],[106.7766601,-6.3140892],[106.7766411,-6.3144545],[106.7766411,-6.3146323],[106.7766838,-6.3149189],[106.776744,-6.3151251],[106.7768137,-6.3152573],[106.7769024,-6.3153203],[106.7770291,-6.3153738],[106.7778479,-6.3154887],[106.779016,-6.3157374],[106.7792482,-6.315797],[106.7794409,-6.3158927],[106.7796077,-6.3160488],[106.7797393,-6.316117],[106.7798455,-6.3161397],[106.7799471,-6.3161983],[106.779998,-6.3162872],[106.7800127,-6.3163552],[106.7800209,-6.3165132],[106.7799404,-6.3166548],[106.7801361,-6.3167032],[106.780364,-6.3165763],[106.7809882,-6.3164528],[106.7812351,-6.3163125],[106.781412,-6.3161576],[106.7816422,-6.3160034],[106.7822608,-6.3159097],[106.7825573,-6.3158889],[106.782638,-6.3160262],[106.782967,-6.3165859],[106.7839389,-6.3163745],[106.7843544,-6.316352],[106.7856003,-6.3163265],[106.7867194,-6.3165723],[106.7871764,-6.316565],[106.7876453,-6.3165461],[106.7893717,-6.3166374],[106.7895622,-6.3160574],[106.7897908,-6.3156652],[106.789971,-6.3153532],[106.7900958,-6.3150281],[106.7902006,-6.314822],[106.7903561,-6.3146727],[106.7905385,-6.3146354],[106.790678,-6.3146247],[106.7908175,-6.3146461],[106.7910267,-6.3146941],[106.7912327,-6.3147857],[106.791496,-6.3150105],[106.7919833,-6.3156093],[106.7920905,-6.3156688],[106.7922204,-6.3157349],[106.7924199,-6.315779],[106.7927747,-6.3157853],[106.7931765,-6.3157784],[106.7931459,-6.3156149],[106.7931326,-6.3154285],[106.7934082,-6.3154155],[106.7944731,-6.3153651],[106.7944779,-6.3153049],[106.7948022,-6.3152842],[106.7950464,-6.315337],[106.7954747,-6.3152842],[106.7955378,-6.3152749],[106.79565,-6.3152583],[106.7957491,-6.315202],[106.7960003,-6.3151985],[106.7964746,-6.3152618],[106.7969913,-6.3152688],[106.797455,-6.3152266],[106.7976213,-6.3152477],[106.7989426,-6.3151968],[106.8018473,-6.3150848],[106.801846,-6.3150384],[106.8020626,-6.3150444],[106.8038589,-6.3150236],[106.8056881,-6.3149759],[106.8063836,-6.3149399],[106.8063977,-6.3148871],[106.8064435,-6.3148827],[106.8065815,-6.3148695],[106.8068263,-6.3148458],[106.8068566,-6.3148429],[106.8090915,-6.3146235],[106.8091257,-6.3147138],[106.8091624,-6.3148054],[106.8091739,-6.3148667],[106.809184,-6.3149308],[106.8091861,-6.3151551],[106.809177,-6.3152918],[106.8092063,-6.3154523],[106.8092247,-6.3156018],[106.809188,-6.3157222],[106.8091641,-6.3158425],[106.8091183,-6.3159464],[106.8090779,-6.3160595],[106.80901,-6.3161233],[106.8088816,-6.3161142],[106.8087459,-6.3160595],[106.8086431,-6.3160905],[106.8085899,-6.3161762],[106.8086028,-6.3163166],[106.8086615,-6.3164114],[106.8087935,-6.3164625],[106.8088211,-6.3165062],[106.8088192,-6.3165755],[106.8088009,-6.3166685],[106.8087807,-6.3167724],[106.8087312,-6.316818],[106.8086468,-6.3168326],[106.8084835,-6.3168271],[106.8083514,-6.3168344],[106.808267,-6.3168545],[106.8079845,-6.3172957],[106.8078249,-6.3173595],[106.8076818,-6.3176768],[106.80768,-6.3178227],[106.8076873,-6.3179731],[106.8078084,-6.3182776],[106.8079478,-6.3184709],[106.8080836,-6.3186386],[106.8080836,-6.318779],[106.8080157,-6.3188356],[106.8078873,-6.3188884],[106.8077332,-6.3189413],[106.8076195,-6.3189833],[106.8075626,-6.319058],[106.807425,-6.3193115],[106.8072893,-6.3194045],[106.8072507,-6.319512],[106.8073003,-6.319636],[106.8074415,-6.3197363],[106.8074954,-6.3198197],[106.8075405,-6.3198894],[106.8075516,-6.319987],[106.8075163,-6.3200524],[106.8073402,-6.3202238],[106.8073292,-6.3202785],[106.8073732,-6.3204791],[106.8074144,-6.3206953],[106.8073879,-6.320882],[106.8073032,-6.320971],[106.8071349,-6.3210562],[106.8069255,-6.3210594],[106.8067724,-6.3211011],[106.8066366,-6.3211919],[106.8065403,-6.3213318],[106.8065045,-6.3216554],[106.8065796,-6.3216794],[106.8067646,-6.321658],[106.8068988,-6.32169],[106.8070171,-6.3218181],[106.8071965,-6.321938],[106.8072595,-6.3221186],[106.8071965,-6.3222179],[106.8070248,-6.3224232],[106.8068986,-6.3225005],[106.80677,-6.3226231],[106.8065081,-6.3226554],[106.8063301,-6.3226578],[106.8061534,-6.3226707],[106.806137,-6.3226774],[106.8060193,-6.3227429],[106.8059625,-6.3229393],[106.8059995,-6.323062],[106.806118,-6.3232166],[106.806197,-6.3233148],[106.8062859,-6.3234031],[106.8063724,-6.3235995],[106.8063822,-6.3236829],[106.8062662,-6.3237663],[106.8061724,-6.3238105],[106.8060448,-6.3238158],[106.8060146,-6.3238097],[106.8058242,-6.3236927],[106.8056217,-6.3235847],[106.8055007,-6.3235675],[106.8053674,-6.3235651],[106.8051896,-6.3236117],[106.8051032,-6.3236559],[106.8049847,-6.3237123],[106.8049415,-6.3237702],[106.8049285,-6.3238307],[106.804922,-6.3238871],[106.8049285,-6.323937],[106.8049406,-6.3239851],[106.8049685,-6.324023],[106.804989,-6.3240656],[106.8050281,-6.3241173],[106.8050272,-6.3241867],[106.8049955,-6.3242315],[106.8047583,-6.3243147],[106.8045239,-6.3245071],[106.8045462,-6.3246143],[106.8046318,-6.3246587],[106.8046525,-6.3247772],[106.804615,-6.3249121],[106.8045834,-6.3250452],[106.8045425,-6.3250877],[106.8044978,-6.3251192],[106.8043155,-6.3251469],[106.8041629,-6.3251839],[106.8040922,-6.3252505],[106.804081,-6.3253041],[106.8040662,-6.3253688],[106.8041089,-6.3255094],[106.8041666,-6.3257331],[106.8041555,-6.3259791],[106.8041406,-6.3261243],[106.8042169,-6.3267835],[106.8041462,-6.3269185],[106.8041034,-6.3270702],[106.8037889,-6.3272366],[106.8036773,-6.3272551],[106.8035563,-6.3272939],[106.8034391,-6.3274788],[106.8033759,-6.3276841],[106.8033387,-6.3280928],[106.8033256,-6.3285274],[106.8033982,-6.3291506],[106.8034559,-6.3297719],[106.8034559,-6.3299069],[106.8033294,-6.3301408],[106.8030986,-6.3304913],[106.8027861,-6.3306263],[106.8026279,-6.3306744],[106.8025033,-6.3307909],[106.8023097,-6.3310498],[106.8021975,-6.3311546],[106.8020058,-6.3312872],[106.8018933,-6.3313327],[106.8016513,-6.3312481],[106.8015614,-6.3312492],[106.8012976,-6.3315703],[106.8012846,-6.3318015],[106.8014148,-6.3320345],[106.8018037,-6.3322749],[106.8018558,-6.3323821],[106.8018744,-6.3326327],[106.8019227,-6.3328657],[106.8017991,-6.3333804],[106.8016373,-6.3335508],[106.8014167,-6.3336535],[106.8010483,-6.3336868],[106.8007245,-6.333598],[106.8005124,-6.333561],[106.8001142,-6.3334538],[106.7999505,-6.3333576],[106.7997982,-6.333403],[106.7997012,-6.333524],[106.7993886,-6.3334057],[106.79937,-6.3335425],[106.7994908,-6.3337211],[106.7994779,-6.3338791],[106.7994295,-6.3341213],[106.7992584,-6.3342286],[106.7992577,-6.3344805],[106.7991831,-6.3347946],[106.7991244,-6.3350011],[106.799143,-6.3351162],[106.7989793,-6.3359336],[106.7988863,-6.3363108],[106.7987188,-6.3364662],[106.7986843,-6.3365685],[106.7986675,-6.3366982],[106.7987547,-6.3369608],[106.7988647,-6.3370456],[106.7989762,-6.3372058],[106.798886,-6.3379386],[106.7988156,-6.3379951],[106.7987198,-6.3381444],[106.7987463,-6.3382614],[106.7988086,-6.3383829],[106.7989735,-6.3386558],[106.7993027,-6.3390056],[106.799748,-6.3394476],[106.7998123,-6.3396208],[106.7998419,-6.3399297],[106.7998754,-6.3401486],[106.8000712,-6.3404792],[106.799918,-6.3406665],[106.7999236,-6.3408724],[106.8001782,-6.3409552],[106.8001737,-6.341113],[106.7999668,-6.3412434],[106.7997557,-6.341219],[106.7994753,-6.3417847],[106.7995347,-6.3421853],[106.7996967,-6.3425069],[106.7994992,-6.3427272],[106.7995253,-6.343045],[106.7994489,-6.3431076],[106.7993604,-6.343141],[106.7990364,-6.3432037],[106.7989626,-6.3433095],[106.798958,-6.3435648],[106.7989762,-6.3438087],[106.7989337,-6.3439664],[106.7987795,-6.3441232],[106.7985848,-6.3442093],[106.7983358,-6.3442343],[106.7982707,-6.3442988],[106.798212,-6.3446529],[106.7981341,-6.3446881],[106.7976262,-6.3446898],[106.7975342,-6.3447602],[106.7973254,-6.3451682],[106.79729,-6.3455938],[106.7973396,-6.34568],[106.7972971,-6.3458489],[106.7972051,-6.3459913],[106.7970759,-6.3460705],[106.7968211,-6.3463758],[106.7965043,-6.346605],[106.7962212,-6.3465804],[106.7959275,-6.3464274],[106.795862,-6.3463412],[106.7958037,-6.346101],[106.7956054,-6.3459578],[106.7954727,-6.3459683],[106.7945189,-6.3465995],[106.7944062,-6.3465409],[106.7942185,-6.3466262],[106.7941809,-6.3466821],[106.7941943,-6.3467994],[106.7938886,-6.34701],[106.7933428,-6.3475658],[106.7926177,-6.3479778],[106.792554,-6.3482134],[106.7924372,-6.3483295],[106.7924043,-6.3485011],[106.7923947,-6.3485511],[106.7927486,-6.3488114],[106.7929503,-6.3494797],[106.7930424,-6.3495219],[106.7930742,-6.3495888],[106.7930211,-6.3496732],[106.7928866,-6.3497119],[106.7928973,-6.3498385],[106.792961,-6.3499335],[106.7930565,-6.3499581],[106.793053,-6.3500953],[106.7931061,-6.3501481],[106.7932052,-6.3501094],[106.793322,-6.3499546],[106.7934777,-6.3499229],[106.7935131,-6.3498174],[106.7935662,-6.3498104],[106.7936653,-6.3499581],[106.7937467,-6.3502254],[106.7937254,-6.3504541],[106.7939838,-6.3505702],[106.7940333,-6.3506722],[106.7939915,-6.3512764],[106.7939401,-6.3513623],[106.7931953,-6.3517011],[106.7925228,-6.3522627],[106.7924934,-6.3524173],[106.7927166,-6.3528194],[106.7930526,-6.3530604],[106.7932691,-6.3531637],[106.7933191,-6.3531875],[106.7932141,-6.3538678],[106.7932507,-6.353926],[106.7935028,-6.3539604],[106.7937228,-6.3540799],[106.793919,-6.3542255],[106.794002,-6.3542986],[106.7940264,-6.3545208],[106.7939329,-6.3546259],[106.7937134,-6.3546663],[106.7933515,-6.354832],[106.7931117,-6.3550542],[106.7930019,-6.3552966],[106.7930507,-6.3555835],[106.7930263,-6.3561047],[106.7932052,-6.3564078],[106.7932111,-6.3566821],[106.7932174,-6.3569775],[106.7931229,-6.3570933],[106.7929775,-6.3571593],[106.7929755,-6.3572517],[106.7929714,-6.3574421],[106.7929653,-6.3577249],[106.7929043,-6.35783],[106.7926482,-6.3578825],[106.7925506,-6.3579553],[106.7924978,-6.3581249],[106.792571,-6.3587108],[106.7926371,-6.3588383],[106.7926722,-6.3589059],[106.7935995,-6.3599351],[106.7937093,-6.3601452],[106.7936762,-6.3605658],[106.7935258,-6.3606759],[106.7935506,-6.3608364],[106.7935765,-6.3610037],[106.7936366,-6.3613919],[106.7934613,-6.3618704],[106.7935416,-6.3621078],[106.7935385,-6.3622704],[106.7934491,-6.3624401],[106.7934085,-6.3626624],[106.7932092,-6.3628078],[106.7932011,-6.3628886],[106.793258,-6.3629896],[106.7932255,-6.3630785],[106.7930466,-6.3632482],[106.7930913,-6.3634624],[106.7931658,-6.3635061],[106.793628,-6.3637775],[106.7936826,-6.3638794],[106.7936219,-6.3639862],[106.793776,-6.3640952],[106.7938041,-6.3643899],[106.7940282,-6.3644248],[106.7944625,-6.3642878],[106.7945536,-6.3643018],[106.7946143,-6.3644062],[106.7945821,-6.3646051],[106.7947591,-6.3649251],[106.7958696,-6.3649651],[106.7966072,-6.3650478],[106.7966474,-6.3649705],[106.7970712,-6.3649438],[106.7980099,-6.3649489],[106.7981834,-6.3650104],[106.7982727,-6.3645253],[106.7983183,-6.364464],[106.7999149,-6.364422],[106.8002885,-6.3643686],[106.8003235,-6.3644615],[106.8012389,-6.3643042],[106.802838,-6.3638085],[106.8033032,-6.3635785],[106.8049718,-6.3634664],[106.8071207,-6.3634531],[106.8077961,-6.3638457],[106.809448,-6.364124],[106.810574,-6.364198],[106.81066,-6.362993],[106.811175,-6.36277],[106.812087,-6.361703],[106.812271,-6.361551],[106.813804,-6.359987],[106.813793,-6.359208],[106.814641,-6.359432],[106.814888,-6.358355],[106.815263,-6.358536],[106.816143,-6.356212],[106.8166402,-6.3563375],[106.8171144,-6.3564572],[106.818889,-6.356905],[106.819243,-6.356201],[106.820005,-6.356628],[106.820187,-6.356393],[106.820852,-6.356786],[106.820891,-6.356687],[106.82103,-6.356453],[106.821016,-6.356247],[106.821048,-6.356059],[106.821177,-6.35587],[106.8212442,-6.3557255],[106.8214211,-6.35567],[106.821598,-6.3555952],[106.8217989,-6.3556019],[106.8222924,-6.3557815],[106.8227411,-6.3558835],[106.8231652,-6.3560487],[106.823527,-6.3561137],[106.8238415,-6.3561725],[106.823966,-6.3561014],[106.826849,-6.3560967],[106.827934,-6.356095],[106.830245,-6.355924],[106.830827,-6.356043],[106.8318027,-6.3558439],[106.8318507,-6.3553587],[106.8320305,-6.3546394],[106.832543,-6.354933],[106.833091,-6.355195],[106.833969,-6.355177],[106.835202,-6.355017],[106.8353385,-6.3549449],[106.836001,-6.3545329],[106.835925,-6.354394],[106.835898,-6.3541966],[106.835851,-6.353849],[106.8358831,-6.3536379],[106.835925,-6.35342],[106.835831,-6.352766],[106.835593,-6.352514],[106.835475,-6.352222],[106.835612,-6.351937],[106.835991,-6.351882],[106.8364081,-6.3519533],[106.836746,-6.352011],[106.8374775,-6.3520784],[106.837962,-6.352123],[106.838531,-6.352113],[106.839164,-6.351983],[106.839374,-6.351649],[106.8393942,-6.3513829],[106.839412,-6.351217],[106.839271,-6.3508507],[106.838526,-6.349823],[106.83818,-6.3481637],[106.838104,-6.347899],[106.837843,-6.3473487],[106.837708,-6.347172],[106.837746,-6.346911],[106.83842,-6.3466357],[106.83926,-6.346262],[106.839722,-6.3450798],[106.839813,-6.344746],[106.839791,-6.344047],[106.839528,-6.343569],[106.838635,-6.343253],[106.8380353,-6.3434502],[106.837674,-6.343569],[106.8374614,-6.3439556],[106.8372964,-6.3442558],[106.837149,-6.344524],[106.8370499,-6.3446501],[106.836785,-6.344987],[106.836188,-6.345233],[106.835941,-6.345279],[106.835538,-6.345126],[106.83519,-6.344756],[106.8349439,-6.3445257],[106.8354902,-6.3442088],[106.8355166,-6.3439857],[106.8355094,-6.3438966],[106.835571,-6.3437883],[106.8358031,-6.3434871],[106.8359309,-6.3432705],[106.8361488,-6.3430116],[106.8362862,-6.3428328],[106.8364756,-6.3425456],[106.8367279,-6.342143],[106.836888,-6.3419873],[106.8370581,-6.3418349],[106.8372239,-6.3417643],[106.8373897,-6.3417078],[106.8375791,-6.3415807],[106.8377922,-6.3414395],[106.8379769,-6.3412888],[106.8381474,-6.3411759],[106.838299,-6.3410864],[106.8384269,-6.3410864],[106.8385737,-6.3411759],[106.8387158,-6.3414159],[106.8388626,-6.341656],[106.8389952,-6.3418537],[106.8392462,-6.3420938],[106.8394357,-6.3421832],[106.8398619,-6.3423574],[106.8401082,-6.3424562],[106.8403592,-6.3424939],[106.8406197,-6.3424939],[106.840757,-6.3424138],[106.8408734,-6.3422358],[106.8409512,-6.3419996],[106.8409228,-6.3416325],[106.840866,-6.3414771],[106.8407807,-6.3412135],[106.8405723,-6.3409546],[106.8403734,-6.340884],[106.840184,-6.3408887],[106.8397435,-6.3410017],[106.8395541,-6.3410629],[106.8394215,-6.3410111],[106.8393125,-6.3408087],[106.8392557,-6.3405404],[106.8392036,-6.3404368],[106.8391846,-6.3403333],[106.8392036,-6.3402109],[106.8393031,-6.3400556],[106.839393,-6.339839],[106.8394499,-6.3397119],[106.8395351,-6.3395378],[106.8396677,-6.3393824],[106.8398572,-6.3392177],[106.8400229,-6.3390624],[106.840165,-6.3388505],[106.840274,-6.338634],[106.8403071,-6.3384645],[106.8403545,-6.3382857],[106.8403639,-6.3380691],[106.8403308,-6.3379232],[106.840255,-6.3376643],[106.8402266,-6.3375043],[106.8402029,-6.3373395],[106.8402361,-6.3371183],[106.8403024,-6.3369347],[106.8403308,-6.3367417],[106.8403829,-6.3365958],[106.8404492,-6.336497],[106.8404634,-6.3364169],[106.8404492,-6.3363087],[106.8402597,-6.3360968],[106.8401271,-6.3360121],[106.8400419,-6.3360215],[106.839933,-6.3359698],[106.8398051,-6.3357297],[106.8397246,-6.335138],[106.8397477,-6.3348194],[106.8397672,-6.334439],[106.8398052,-6.3338809],[106.8398493,-6.3335165],[106.8399205,-6.3331168],[106.8400007,-6.332735],[106.8401289,-6.3321853],[106.840335,-6.3320693],[106.8407214,-6.3321539],[106.8413745,-6.3321952],[106.8421049,-6.3321917],[106.8425968,-6.3321015],[106.8433255,-6.3318559],[106.8434511,-6.3317476],[106.8435224,-6.3316188],[106.8434931,-6.3314852],[106.8434395,-6.3314027],[106.8433006,-6.3312539],[106.8430874,-6.3311476],[106.8426989,-6.3310709],[106.8422143,-6.3309554],[106.8419847,-6.3308614],[106.841706,-6.3305675],[106.8413613,-6.3302784],[106.8410701,-6.3300614],[106.8408075,-6.3299064],[106.8405797,-6.3297119],[106.8404213,-6.3295865],[106.8402972,-6.3293747],[106.8402684,-6.3292666],[106.8402696,-6.3291103],[106.8403086,-6.3289173],[106.8404252,-6.3287271],[106.8405768,-6.3284801],[106.8406796,-6.3281952],[106.8407727,-6.3279031],[106.8408727,-6.3275977],[106.8409905,-6.3273426],[106.841124,-6.3271392],[106.8412127,-6.3269003],[106.8412485,-6.3267939],[106.8412951,-6.3266488],[106.8414593,-6.326574],[106.8415738,-6.3266233],[106.8416926,-6.3268193],[106.8417087,-6.3270885],[106.8419047,-6.3274625],[106.8420628,-6.3275364],[106.8422053,-6.3275724],[106.8424613,-6.3275596],[106.8427709,-6.3273605],[106.8429785,-6.3271151],[106.8431918,-6.3267263],[106.8432497,-6.3265567],[106.8432344,-6.3263719],[106.8431987,-6.3259782],[106.8430171,-6.3256196],[106.8429301,-6.3254252],[106.8424867,-6.3247688],[106.842054,-6.3242319],[106.8418737,-6.3239597],[106.8416568,-6.3236918],[106.8413396,-6.3233345],[106.8410798,-6.323187],[106.8406318,-6.3230191],[106.8402246,-6.322826],[106.8400536,-6.3226348],[106.8399958,-6.3224831],[106.8400149,-6.3223099],[106.8400235,-6.3221661],[106.8400981,-6.3220194],[106.8402188,-6.3219607],[106.8405948,-6.3218797],[106.8409012,-6.3217436],[106.8410223,-6.3215682],[106.8410502,-6.3214435],[106.8409947,-6.3213394],[106.8408893,-6.3212089],[106.8407055,-6.3211563],[106.8405299,-6.3212036],[106.8403703,-6.3213062],[106.8398753,-6.3215528],[106.8395737,-6.3216448],[106.8392295,-6.3216754],[106.8387678,-6.3215248],[106.8385442,-6.3213871],[106.8383563,-6.3210512],[106.8383412,-6.3207957],[106.8384597,-6.3205923],[106.8386979,-6.3200786],[106.8390465,-6.31962],[106.83945,-6.3190517],[106.8399915,-6.3185661],[106.8404002,-6.3183562],[106.8409536,-6.3182207],[106.8415269,-6.3181014],[106.8420066,-6.3180217],[106.8424229,-6.3179452],[106.8427737,-6.3180027],[106.8430559,-6.3181371],[106.8432751,-6.3183815],[106.8435535,-6.3184515],[106.8438739,-6.3183851],[106.8440742,-6.3182205],[106.8441609,-6.3178519],[106.8441586,-6.3173463],[106.8441428,-6.3169462],[106.8441315,-6.3168341],[106.8443164,-6.316598],[106.8446184,-6.3164833],[106.8450222,-6.3165072],[106.8457417,-6.3170032],[106.845961,-6.317056],[106.8461537,-6.3170318],[106.8463103,-6.3169358],[106.846652,-6.3165761],[106.8467406,-6.3163097],[106.8470188,-6.3158329],[106.8473501,-6.3155245],[106.8477074,-6.3152761],[106.8483541,-6.3150691],[106.8485693,-6.3151489],[106.8488872,-6.3154276],[106.8489702,-6.3156113],[106.8489765,-6.3160596],[106.8487196,-6.3165671],[106.8486545,-6.3169738],[106.8485476,-6.3172353],[106.848211,-6.3175183],[106.8478687,-6.3176159],[106.8471571,-6.3176216],[106.8470222,-6.3176446],[106.8469346,-6.317756],[106.8468908,-6.3178841],[106.8469177,-6.3180318],[106.8470161,-6.3181297],[106.8472201,-6.3182025],[106.8479925,-6.3182364],[106.8483667,-6.3183005],[106.8489377,-6.318675],[106.8492013,-6.3187394],[106.8493505,-6.3187218],[106.8494421,-6.3185717],[106.8494724,-6.3183177],[106.8494452,-6.3180594],[106.8494241,-6.3178432],[106.8494706,-6.3175899],[106.8495314,-6.3174727],[106.8497138,-6.317302],[106.8501084,-6.3170792],[106.8515514,-6.3163207],[106.8517981,-6.3160825],[106.8518688,-6.3158641],[106.8518004,-6.315671],[106.8514348,-6.3150824],[106.8512716,-6.3147643],[106.8512232,-6.3145539],[106.8512896,-6.3142082],[106.8515051,-6.3137137],[106.851799,-6.3131773],[106.8521356,-6.3127899],[106.8522758,-6.3124669],[106.8523115,-6.3119582],[106.8522917,-6.3113964],[106.8524188,-6.3110012],[106.8525434,-6.3108889],[106.8526763,-6.3108465],[106.8528203,-6.3108504],[106.8538973,-6.3117648],[106.8548245,-6.3124936],[106.8548643,-6.3127439],[106.8547418,-6.3133069],[106.8547703,-6.3135534],[106.8548824,-6.3137628],[106.8549952,-6.3138489],[106.8551812,-6.3138851],[106.8555499,-6.3137978],[106.8557733,-6.3136528],[106.8560364,-6.3134738],[106.8562135,-6.3133119],[106.8563296,-6.3131484],[106.8565746,-6.3128407],[106.8568828,-6.312631],[106.8572049,-6.3123259],[106.8575763,-6.312056],[106.8579852,-6.3117151],[106.8582194,-6.3113914],[106.8583813,-6.3111895],[106.8584205,-6.3110625],[106.858397,-6.3109067],[106.8583204,-6.3107684],[106.8581973,-6.3106162],[106.8581011,-6.3105655],[106.8579249,-6.3105375],[106.8575848,-6.3106167],[106.8573755,-6.310662],[106.8572356,-6.3106216],[106.8570487,-6.31052],[106.8568916,-6.3103925],[106.8568182,-6.310263],[106.85682,-6.3100923],[106.8568402,-6.3098365],[106.8568809,-6.3094162],[106.8569212,-6.3092669],[106.8570156,-6.3089834],[106.8571414,-6.3086667],[106.8573292,-6.3084086],[106.8575366,-6.3081909],[106.8576369,-6.3080923],[106.857703,-6.3079805],[106.8577488,-6.3078631],[106.8577768,-6.3077256],[106.8577924,-6.3076072],[106.8577737,-6.3074622],[106.8576357,-6.3071706],[106.857532,-6.3069587],[106.8574908,-6.306697],[106.8575172,-6.3064209],[106.8575732,-6.3061925],[106.8576882,-6.3060684],[106.857943,-6.3060124],[106.858222,-6.3059591],[106.8584473,-6.3058284],[106.8585755,-6.305665],[106.8585554,-6.305481],[106.8585116,-6.3052785],[106.8584507,-6.3051748],[106.8583427,-6.3050446],[106.8581818,-6.304914],[106.8577517,-6.3047218],[106.8572991,-6.3045564],[106.8568222,-6.3044225],[106.8564449,-6.3042677],[106.8560332,-6.3040457],[106.8554379,-6.303741],[106.8551413,-6.3035898],[106.8548422,-6.3033433],[106.8546439,-6.3031306],[106.8545478,-6.3029759],[106.8544607,-6.3028243],[106.8544527,-6.3026206],[106.8544473,-6.302394],[106.8545197,-6.30229],[106.854632,-6.3021293],[106.854814,-6.301792],[106.8550064,-6.3013698],[106.855058,-6.301261],[106.8550965,-6.3011197],[106.855091,-6.301005],[106.8550699,-6.3006703],[106.8550256,-6.3002563],[106.854896,-6.2996806],[106.8548477,-6.2995234],[106.8547113,-6.2993922],[106.8545225,-6.2993757],[106.8542523,-6.2994381],[106.853879,-6.2995663],[106.8534764,-6.299752],[106.8531002,-6.2997875],[106.8527824,-6.2998446],[106.8525169,-6.2999246],[106.8523988,-6.300058],[106.852246,-6.3003832],[106.8520502,-6.3008497],[106.8519563,-6.3009724],[106.8518597,-6.3010603],[106.8517069,-6.3010843],[106.8515379,-6.3010497],[106.8512053,-6.3008204],[106.8507091,-6.3003752],[106.8499768,-6.299746],[106.8497006,-6.2993461],[106.8496362,-6.2991835],[106.8496121,-6.2990262],[106.8496577,-6.2988342],[106.8498132,-6.2986929],[106.8499271,-6.2986323],[106.8500067,-6.2986234],[106.8501535,-6.298625],[106.8503482,-6.2986432],[106.8505349,-6.2986558],[106.8507124,-6.2986793],[106.8509042,-6.2987666],[106.8512884,-6.2990248],[106.8516049,-6.2992927],[106.8518051,-6.2993638],[106.8520272,-6.2992725],[106.8522194,-6.2988369],[106.8523216,-6.2983691],[106.8523124,-6.2981056],[106.8522891,-6.2979481],[106.8521224,-6.2977113],[106.851778,-6.2974665],[106.8512023,-6.2971747],[106.8506183,-6.2967897],[106.8504747,-6.2966357],[106.8503952,-6.2965126],[106.850374,-6.2963715],[106.8503782,-6.2962379],[106.8505982,-6.2958415],[106.8506887,-6.2958438],[106.8510182,-6.2956669],[106.8513293,-6.2956035],[106.8517073,-6.2955767],[106.8523582,-6.2956928],[106.8524421,-6.2957006],[106.8530626,-6.2958195],[106.8533584,-6.2959259],[106.853915,-6.2961716],[106.8541407,-6.2961987],[106.8542049,-6.2961774],[106.8543587,-6.296042],[106.8543762,-6.2955739],[106.854384,-6.2947885],[106.8543762,-6.2944655],[106.8543489,-6.2942585],[106.8540646,-6.2937198],[106.8539273,-6.2936791],[106.8538157,-6.293684],[106.853409,-6.2938329],[106.8532961,-6.2938832],[106.8532163,-6.2939412],[106.8531196,-6.2940367],[106.8529536,-6.2942005],[106.8527979,-6.2943784],[106.8525196,-6.2947537],[106.8524106,-6.2948465],[106.8522682,-6.2947079],[106.8522915,-6.2945217],[106.8523522,-6.2941969],[106.8523707,-6.2939796],[106.8525577,-6.2937048],[106.8526512,-6.2935876],[106.8527551,-6.2934538],[106.8529808,-6.2932217],[106.8531248,-6.2930862],[106.8532883,-6.2929373],[106.8535413,-6.2926607],[106.8537807,-6.2923299],[106.8542186,-6.2917399],[106.8543217,-6.2915697],[106.8544531,-6.2912266],[106.854503,-6.2910964],[106.8545431,-6.2909372],[106.854577,-6.290781],[106.8545864,-6.2906238],[106.8545689,-6.2905348],[106.8544988,-6.2904168],[106.8544034,-6.2903259],[106.8541543,-6.2902543],[106.8539088,-6.2902859],[106.8536919,-6.2903116],[106.8533876,-6.2904342],[106.8531209,-6.2906006],[106.8527979,-6.2908385],[106.8526923,-6.2908844],[106.8525527,-6.2909449],[106.8523367,-6.2910106],[106.8518754,-6.2910261],[106.8517159,-6.2911596],[106.851677,-6.2916911],[106.8516196,-6.2921598],[106.851582,-6.2923121],[106.851578,-6.2925173],[106.851423,-6.2927556],[106.8512805,-6.292887],[106.8510371,-6.2929789],[106.8508334,-6.2929291],[106.8507297,-6.2929038],[106.8504426,-6.292794],[106.8502791,-6.2926579],[106.850204,-6.292592],[106.8501185,-6.2924155],[106.8500273,-6.2922187],[106.849771,-6.2916478],[106.8493985,-6.2907269],[106.8493518,-6.2905207],[106.8493336,-6.2904402],[106.8494883,-6.2901767],[106.8496646,-6.290143],[106.8499788,-6.2900829],[106.8504602,-6.2899264],[106.8507563,-6.2898298],[106.850986,-6.2895048],[106.8510567,-6.2893994],[106.8510832,-6.2893159],[106.8511495,-6.2891491],[106.8512687,-6.2888153],[106.8512643,-6.2884333],[106.8512069,-6.2882883],[106.8510733,-6.2881687],[106.8507437,-6.2879865],[106.8506879,-6.2879549],[106.8503504,-6.287911],[106.8499699,-6.2883014],[106.8497739,-6.288511],[106.8494349,-6.288572],[106.8489613,-6.2883158],[106.848555,-6.288096],[106.847802,-6.28721],[106.8477121,-6.287107],[106.847416,-6.2863749],[106.8474082,-6.2861918],[106.8474041,-6.2860424],[106.847403,-6.285676],[106.847425,-6.2854225],[106.8475327,-6.2851083],[106.847696,-6.2848465],[106.8477884,-6.2847655],[106.8478807,-6.2846845],[106.8480375,-6.2845272],[106.848207,-6.2843864],[106.8483638,-6.284238],[106.8484604,-6.2841613],[106.8485662,-6.284052],[106.8486573,-6.2839489],[106.8487185,-6.2838902],[106.8487714,-6.2838486],[106.8488404,-6.2837619],[106.848885,-6.2836446],[106.8488248,-6.2834637],[106.8487509,-6.2833907],[106.8485738,-6.2833203],[106.8484347,-6.2834309],[106.8482141,-6.2834801],[106.8478706,-6.2834359],[106.8476661,-6.2832511],[106.847573,-6.283167],[106.847617,-6.2828722],[106.8480974,-6.2822524],[106.8484724,-6.2817676],[106.8485774,-6.2816319],[106.8489693,-6.2811667],[106.8490771,-6.280984],[106.8493256,-6.2806763],[106.8493567,-6.2806428],[106.8495,-6.2804897],[106.8496925,-6.2803528],[106.8498509,-6.2802577],[106.8500783,-6.280123],[106.8503455,-6.2798803],[106.850427,-6.2797862],[106.8504381,-6.2796422],[106.8502678,-6.2795356],[106.8499787,-6.2795279],[106.8491592,-6.2796657],[106.8490938,-6.2796798],[106.8485029,-6.2798495],[106.8481025,-6.2800419],[106.8478732,-6.2799722],[106.8474201,-6.2797617],[106.8474162,-6.2797595],[106.8467883,-6.2794114],[106.8467786,-6.2790885],[106.8467742,-6.2788575],[106.8468755,-6.2787871],[106.8473407,-6.2784622],[106.8475191,-6.278338],[106.8477227,-6.278235],[106.8481324,-6.2779379],[106.8487943,-6.2773133],[106.8491164,-6.2767518],[106.8494445,-6.276512],[106.8498303,-6.2765199],[106.8501212,-6.2766066],[106.8505859,-6.2767452],[106.8509222,-6.2767067],[106.851338,-6.2765494],[106.8516939,-6.2761194],[106.8517578,-6.2760422],[106.8518141,-6.2758609],[106.8519331,-6.2755351],[106.8519453,-6.2753028],[106.8519526,-6.2751291],[106.8519232,-6.2750728],[106.8517555,-6.2747517],[106.8515427,-6.2743777],[106.8514949,-6.274302],[106.8514684,-6.2742637],[106.8513397,-6.2740605],[106.8513159,-6.2738047],[106.851362,-6.2737135],[106.8513882,-6.2736673],[106.8514036,-6.2736354],[106.85152,-6.2734263],[106.8518542,-6.2732543],[106.8519924,-6.2732194],[106.8524565,-6.2732787],[106.8530662,-6.2734103],[106.8532397,-6.2733799],[106.8533545,-6.2733398],[106.853527,-6.2731704],[106.8535678,-6.272958],[106.8535866,-6.2727399],[106.853513,-6.2725562],[106.8535016,-6.2723557],[106.8535075,-6.2723169],[106.8535827,-6.2719325],[106.8537954,-6.2719216],[106.8540709,-6.2719058],[106.8545798,-6.2720277],[106.8548748,-6.2723175],[106.8549093,-6.2723514],[106.8551851,-6.272505],[106.8554531,-6.2726488],[106.8563776,-6.2728222],[106.8567272,-6.2727399],[106.8569445,-6.2724391],[106.8568726,-6.2720961],[106.856701,-6.2718572],[106.856582,-6.271737],[106.8562713,-6.2716025],[106.8560647,-6.271501],[106.8559012,-6.2713312],[106.8552669,-6.2708999],[106.8550129,-6.2706768],[106.8549124,-6.2705418],[106.8548754,-6.270374],[106.8548749,-6.2698814],[106.8549118,-6.2697622],[106.8549493,-6.2696382],[106.8551604,-6.2695929],[106.855379,-6.269639],[106.8555938,-6.2700656],[106.8558333,-6.27046],[106.85606,-6.2705906],[106.8564249,-6.270584],[106.8566376,-6.270373],[106.856555,-6.270151],[106.8563749,-6.26981],[106.8559008,-6.2687283],[106.8557207,-6.2683244],[106.85568,-6.268069],[106.8556414,-6.267895],[106.8556016,-6.2676782],[106.8555807,-6.2675715],[106.8555565,-6.2674391],[106.8555086,-6.2671766],[106.8555082,-6.266936],[106.8555077,-6.2666651],[106.8554522,-6.2665122],[106.8554193,-6.2664663],[106.8553955,-6.2664169],[106.8553398,-6.2662953],[106.8552432,-6.2661196],[106.8550444,-6.2659703],[106.8548586,-6.265872],[106.8546734,-6.265774],[106.8542929,-6.2655726],[106.854141,-6.2653896],[106.8540632,-6.2652958],[106.8539512,-6.2651193],[106.8543429,-6.2646314],[106.8547715,-6.264543],[106.8557897,-6.2644303],[106.8561467,-6.2643839],[106.8566034,-6.2643165],[106.8567685,-6.2643158],[106.8569501,-6.2643304],[106.8572024,-6.2640062],[106.8571836,-6.2638136],[106.8569451,-6.2636641],[106.8565147,-6.2635923],[106.8556593,-6.2633347],[106.8549516,-6.2630279],[106.8547525,-6.262931],[106.8543469,-6.2625302],[106.8542645,-6.2622897],[106.8543718,-6.2621157],[106.8545108,-6.2619988],[106.8547554,-6.2619178],[106.8552781,-6.2617027],[106.85561,-6.2619689],[106.8559898,-6.2623198],[106.8562736,-6.2625692],[106.8564001,-6.2626273],[106.8569683,-6.262879],[106.8577184,-6.2629027],[106.8582191,-6.262873],[106.8585035,-6.2629334],[106.8588949,-6.2630165],[106.859163,-6.2628447],[106.8592992,-6.262709],[106.8594738,-6.2625155],[106.8594962,-6.2620661],[106.8597232,-6.2614918],[106.8597984,-6.2609899],[106.8598014,-6.2609676],[106.8598487,-6.260619],[106.8598909,-6.2603097],[106.8599068,-6.2601934],[106.8600149,-6.2596215],[106.8600211,-6.2595949],[106.860103,-6.2592457],[106.860185,-6.2590597],[106.8603175,-6.2586445],[106.8604009,-6.2583449],[106.8604548,-6.2581566],[106.8605608,-6.257745],[106.8605715,-6.2575511],[106.8605587,-6.257438],[106.8605517,-6.2573763],[106.860462,-6.2571581],[106.860423,-6.2570502],[106.8602969,-6.2569952],[106.8601345,-6.2570387],[106.8599686,-6.2570481],[106.8597482,-6.2570789],[106.8595614,-6.2570725],[106.8593865,-6.2569601],[106.8593388,-6.2567404],[106.8594519,-6.2565284],[106.8596137,-6.2563955],[106.859819,-6.2563236],[106.8599711,-6.2562392],[106.8600056,-6.25622],[106.8601603,-6.2561187],[106.8602623,-6.2560404],[106.8605129,-6.255848],[106.8606099,-6.2557155],[106.8606755,-6.2556258],[106.8607007,-6.2555251],[106.860727,-6.255453],[106.8607197,-6.2553482],[106.8607141,-6.2552673],[106.8607028,-6.2551673],[106.8606623,-6.2549902],[106.8606388,-6.2549449],[106.8605531,-6.2547936],[106.860463,-6.2546976],[106.8601474,-6.2545392],[106.8598402,-6.2543811],[106.8596161,-6.2543471],[106.8593425,-6.2544592],[106.859233,-6.2545456],[106.8590825,-6.2546515],[106.8589425,-6.2547178],[106.8588857,-6.2547447],[106.8586947,-6.2548351],[106.8582799,-6.2551073],[106.8581127,-6.2552263],[106.8579425,-6.2553301],[106.8578189,-6.2553168],[106.8576411,-6.2551216],[106.8575452,-6.2548024],[106.857567,-6.254493],[106.8575782,-6.2541044],[106.8575955,-6.2535637],[106.857652,-6.2534269],[106.8576883,-6.2533226],[106.8577565,-6.2531267],[106.8578533,-6.2528348],[106.8580008,-6.2525102],[106.8580861,-6.2524054],[106.8582316,-6.2522267],[106.8586041,-6.2519035],[106.8589043,-6.2515293],[106.8593183,-6.2512585],[106.8596447,-6.2510736],[106.8597866,-6.2509828],[106.8599593,-6.2508724],[106.8602443,-6.2510334],[106.8605617,-6.2513275],[106.8606651,-6.2516236],[106.8607834,-6.2520106],[106.8607919,-6.2520506],[106.860848,-6.252315],[106.8609545,-6.2530626],[106.861022,-6.2535361],[106.8610171,-6.2538681],[106.8613134,-6.2540603],[106.8616731,-6.2539625],[106.8619706,-6.2538857],[106.8621227,-6.2538342],[106.862376,-6.2537786],[106.8626014,-6.2535994],[106.8626983,-6.2535066],[106.8627379,-6.2534687],[106.8628189,-6.253313],[106.862904,-6.2531641],[106.8628247,-6.2528419],[106.8627421,-6.252509],[106.8625828,-6.2521801],[106.8625354,-6.25199],[106.8624269,-6.2517032],[106.8623456,-6.2515066],[106.8622021,-6.251154],[106.8621876,-6.2507486],[106.8621936,-6.2505969],[106.8622279,-6.2504435],[106.8623473,-6.2503113],[106.8624101,-6.2502811],[106.8626214,-6.2501806],[106.8628976,-6.2500786],[106.8631117,-6.2499762],[106.8633413,-6.2498347],[106.8636897,-6.2496689],[106.8638862,-6.2495652],[106.8639383,-6.2495329],[106.8640218,-6.2494811],[106.8640181,-6.249272],[106.8638314,-6.2490607],[106.8636704,-6.2488495],[106.8635094,-6.2486895],[106.8633291,-6.2484621],[106.8631513,-6.2482485],[106.8629343,-6.2479889],[106.8627148,-6.2476661],[106.8626199,-6.2475229],[106.8625424,-6.2473917],[106.8624595,-6.2472702],[106.8622801,-6.2470233],[106.8621159,-6.2467522],[106.8620592,-6.2465442],[106.8620306,-6.2463966],[106.8620191,-6.2462235],[106.8619869,-6.2459909],[106.8619853,-6.2457726],[106.8619982,-6.2457114],[106.8620302,-6.2455546],[106.8620389,-6.2455291],[106.8621077,-6.2453272],[106.8621442,-6.2451946],[106.8622509,-6.2448074],[106.8623814,-6.2445671],[106.8624897,-6.2443387],[106.8625113,-6.2442795],[106.8626088,-6.2440128],[106.862667,-6.2436078],[106.8626868,-6.243449],[106.8626512,-6.243225],[106.8625509,-6.243086],[106.862517,-6.242052],[106.8625574,-6.2415515],[106.862592,-6.241167],[106.8626318,-6.2409179],[106.8626717,-6.2406687],[106.8626917,-6.2405438],[106.8627709,-6.2400485],[106.862881,-6.239657],[106.8630541,-6.2390461],[106.8631615,-6.238667],[106.8632151,-6.2384777],[106.8632525,-6.2383757],[106.8633804,-6.2380273],[106.863546,-6.237576],[106.8636904,-6.2374095],[106.863807,-6.237275],[106.864153,-6.2370205],[106.8642886,-6.2369337],[106.8645174,-6.2368627],[106.8647347,-6.2367962],[106.864817,-6.236766],[106.865137,-6.2367597],[106.8653498,-6.2368629],[106.8653868,-6.2369431],[106.8654648,-6.237106],[106.8655717,-6.2375496],[106.8656242,-6.2376399],[106.8657073,-6.2377827],[106.8657185,-6.237818],[106.8657683,-6.2379639],[106.8658328,-6.2381408],[106.8660461,-6.2385899],[106.8661535,-6.2387846],[106.8662139,-6.2389072],[106.8663541,-6.2390539],[106.866536,-6.239193],[106.866659,-6.239239],[106.866778,-6.2391946],[106.8667992,-6.2391867],[106.8669034,-6.2390634],[106.8669368,-6.2389905],[106.8669728,-6.2386778],[106.8669353,-6.2384976],[106.8668547,-6.2382529],[106.8668275,-6.2381702],[106.8666681,-6.2376677],[106.8666201,-6.2375068],[106.866584,-6.2373857],[106.866418,-6.236829],[106.8662068,-6.2365064],[106.865853,-6.23596],[106.8654879,-6.2356102],[106.8652872,-6.2352697],[106.8652499,-6.2350239],[106.865339,-6.234849],[106.865606,-6.234829],[106.8659609,-6.2349097],[106.866276,-6.2348163],[106.866422,-6.234675],[106.8664407,-6.2344235],[106.8663893,-6.2341338],[106.8663302,-6.2340313],[106.8659287,-6.2333353],[106.8654177,-6.2326407],[106.865268,-6.232443],[106.864976,-6.232208],[106.8648532,-6.2321101],[106.8647568,-6.2320434],[106.8646283,-6.231943],[106.8642145,-6.23169],[106.8640767,-6.2316086],[106.8637996,-6.2314267],[106.863504,-6.231234],[106.8634749,-6.2311901],[106.863366,-6.231019],[106.863339,-6.2306937],[106.8633609,-6.2306283],[106.8635024,-6.230347],[106.8635861,-6.2302253],[106.8636434,-6.2301651],[106.863697,-6.2300676],[106.8638373,-6.229836],[106.8641025,-6.2295733],[106.86421,-6.2294723],[106.8643202,-6.2293653],[106.864459,-6.2292128],[106.8645974,-6.2290374],[106.864638,-6.228986],[106.8647657,-6.2288773],[106.8648518,-6.228642],[106.8648864,-6.2285378],[106.8646744,-6.2283029],[106.8646521,-6.2279003],[106.8646516,-6.2270305],[106.864507,-6.2267759],[106.8644929,-6.2263414],[106.8643582,-6.2261645],[106.8641433,-6.2258474],[106.8640873,-6.2257762],[106.864003,-6.225669],[106.8638145,-6.2253815],[106.863361,-6.225319],[106.8636863,-6.2250721],[106.863818,-6.224607],[106.8639143,-6.2245978],[106.863981,-6.2245931],[106.864152,-6.224589],[106.8646858,-6.2247006],[106.8649229,-6.2246672],[106.8651124,-6.2246171],[106.8652837,-6.2245509],[106.8653739,-6.2245114],[106.8654499,-6.2244602],[106.8655448,-6.2242517],[106.8655721,-6.2238012],[106.8655652,-6.2235907],[106.8654827,-6.2234261],[106.8653829,-6.2233591],[106.8651567,-6.223118],[106.8649661,-6.2228952],[106.864744,-6.2226356],[106.8646927,-6.222532],[106.8645554,-6.2223604],[106.8642683,-6.2219569],[106.8640903,-6.2216322],[106.8640294,-6.2215666],[106.8638691,-6.2213939],[106.8637195,-6.2212327],[106.8635597,-6.2210303],[106.863505,-6.220961],[106.8634779,-6.2207616],[106.863416,-6.2204931],[106.8633167,-6.2202267],[106.8631618,-6.2198927],[106.8629789,-6.219617],[106.862743,-6.2195837],[106.8625563,-6.2195562],[106.8624995,-6.219548],[106.862246,-6.219615],[106.8620252,-6.2196823],[106.8616768,-6.2197953],[106.8615006,-6.220056],[106.861435,-6.220153],[106.8613374,-6.2203642],[106.8613756,-6.2204202],[106.8615001,-6.2206532],[106.8615478,-6.2207503],[106.8617319,-6.2211234],[106.86173,-6.22136],[106.8617152,-6.2214274],[106.8616361,-6.2215067],[106.861356,-6.2216077],[106.8610257,-6.221649],[106.8606169,-6.221582],[106.8603713,-6.2214947],[106.8601822,-6.2212949],[106.860193,-6.2211894],[106.8601582,-6.2210287],[106.860174,-6.220922],[106.86025,-6.220807],[106.860389,-6.220638],[106.860489,-6.220476],[106.8605226,-6.2203881],[106.8605651,-6.2202738],[106.8607835,-6.2198848],[106.8608839,-6.2197114],[106.860996,-6.219518],[106.8611429,-6.2192943],[106.86121,-6.2191923],[106.861333,-6.219005],[106.8613452,-6.2189894],[106.8615902,-6.2186775],[106.8617151,-6.2185186],[106.8617666,-6.2184516],[106.8617881,-6.2184237],[106.8619853,-6.2181672],[106.8621202,-6.2179917],[106.8621858,-6.2179063],[106.862549,-6.217434],[106.862848,-6.2171846],[106.862977,-6.217077],[106.8630466,-6.2170394],[106.8631243,-6.2169974],[106.8631851,-6.2169498],[106.8632545,-6.2168955],[106.8633889,-6.2167352],[106.8634819,-6.2166243],[106.8635971,-6.216494],[106.8635966,-6.2164918],[106.863532,-6.2163278],[106.8634914,-6.2162226],[106.8633827,-6.2161798],[106.8632378,-6.2161134],[106.8631312,-6.2160996],[106.8630191,-6.2161233],[106.8629381,-6.2161435],[106.8625823,-6.2162327],[106.8622382,-6.2163595],[106.8619099,-6.2165224],[106.8616011,-6.2167194],[106.8611771,-6.2169474],[106.860489,-6.21727],[106.8603153,-6.2172261],[106.859871,-6.217114],[106.859411,-6.216767],[106.8591494,-6.216538],[106.8589391,-6.216354],[106.8587381,-6.2162639],[106.8586724,-6.2162819],[106.858589,-6.216305],[106.858543,-6.216326],[106.858442,-6.216484],[106.858329,-6.216653],[106.858192,-6.2168782],[106.8581091,-6.2170239],[106.857954,-6.217264],[106.857859,-6.217397],[106.8576707,-6.2175818],[106.8574115,-6.2174939],[106.85733,-6.217462],[106.8572584,-6.2173924],[106.8569178,-6.2170701],[106.856743,-6.216901],[106.8564453,-6.216499],[106.8562954,-6.2162957],[106.8563616,-6.2160543],[106.8563809,-6.2159732],[106.8564874,-6.2156732],[106.8565459,-6.2154132],[106.8566228,-6.2151072],[106.856705,-6.2149219],[106.8567752,-6.2147636],[106.8568545,-6.2146553],[106.856946,-6.2145417],[106.8570494,-6.2143648],[106.8570858,-6.2143024],[106.857146,-6.2141886],[106.857344,-6.213976],[106.8575168,-6.2137781],[106.8576389,-6.2138],[106.857783,-6.213818],[106.8578506,-6.2138018],[106.8580741,-6.2137113],[106.8582147,-6.2136577],[106.8583233,-6.2135066],[106.8583063,-6.2134419],[106.8582848,-6.2133596],[106.8581777,-6.2132263],[106.8579761,-6.2129868],[106.8578087,-6.2126736],[106.857498,-6.212264],[106.857152,-6.21192],[106.8568735,-6.2117636],[106.8563821,-6.2116573],[106.8550004,-6.2113482],[106.854436,-6.2110667],[106.8542336,-6.2109013],[106.854047,-6.210555],[106.8537956,-6.2103097],[106.853335,-6.209961],[106.852969,-6.2096933],[106.8524027,-6.209387],[106.851027,-6.208943],[106.850269,-6.2083337],[106.849723,-6.207861],[106.8494007,-6.2076503],[106.8491498,-6.2075531],[106.8490168,-6.2075816],[106.848909,-6.207664],[106.8489233,-6.2078443],[106.8489281,-6.2079408],[106.8487659,-6.2081734],[106.848741,-6.208209],[106.848562,-6.2083505],[106.848331,-6.208496],[106.848026,-6.208687],[106.847979,-6.208788],[106.847696,-6.209144],[106.846634,-6.208759],[106.8461933,-6.2085486],[106.8456987,-6.2084251],[106.8441847,-6.2078782],[106.8431492,-6.2075582],[106.8413665,-6.2069907],[106.840969,-6.206863],[106.838737,-6.205957],[106.8374618,-6.2055283],[106.8370265,-6.2054337],[106.8369284,-6.2054173],[106.8339935,-6.2048713],[106.8279871,-6.2038393],[106.8279334,-6.20383],[106.8278152,-6.2038047],[106.827657,-6.203761],[106.827323,-6.203687],[106.826287,-6.203444],[106.824874,-6.203128],[106.8227762,-6.2026783],[106.8226977,-6.202994],[106.8226158,-6.2032716],[106.8225207,-6.2036621],[106.8224533,-6.2039947],[106.822407,-6.204196],[106.8223386,-6.2046356],[106.822241,-6.2055402],[106.8222242,-6.2059583],[106.8220783,-6.2071399],[106.8217628,-6.2086953],[106.8215751,-6.2093227],[106.8212889,-6.2099658],[106.821039,-6.2104497],[106.820413,-6.211628],[106.8195622,-6.2131804],[106.8190454,-6.2138315],[106.8183954,-6.2145994],[106.816779,-6.215875],[106.8142271,-6.217888],[106.8134408,-6.2185224],[106.812367,-6.2193738],[106.8087648,-6.2221626],[106.8080449,-6.2226723],[106.8069383,-6.2233915],[106.8057471,-6.2241644],[106.8030179,-6.2262325],[106.80307,-6.22634],[106.8010173,-6.22794],[106.7997854,-6.2288189],[106.7994325,-6.2289431],[106.7991427,-6.229007],[106.798588,-6.228915],[106.7982878,-6.2288806],[106.7979066,-6.2291333],[106.797595,-6.22926],[106.7963506,-6.229282],[106.7958306,-6.2292594],[106.795743,-6.229058],[106.795873,-6.22871],[106.795623,-6.22857],[106.7956828,-6.2283529],[106.7957928,-6.2280022],[106.796033,-6.227514],[106.7962939,-6.2268465],[106.7963941,-6.2264679],[106.7963941,-6.2257506],[106.7963562,-6.2255434],[106.7962238,-6.2246248],[106.7961488,-6.2240184],[106.7960935,-6.2236728],[106.796074,-6.223609],[106.7963288,-6.2220099],[106.7969474,-6.2186256],[106.797019,-6.218621],[106.7971759,-6.2184417],[106.796872,-6.218109],[106.79654,-6.2174726],[106.796133,-6.2164152],[106.7961773,-6.2162137],[106.796259,-6.215886],[106.796227,-6.215675],[106.796058,-6.21519],[106.7959561,-6.2149858],[106.795837,-6.214679],[106.795733,-6.214463],[106.7955783,-6.214153],[106.795421,-6.214008],[106.7953858,-6.2138754],[106.7953084,-6.2134835],[106.795259,-6.213376],[106.7951327,-6.2132508],[106.795138,-6.213037],[106.795094,-6.21287],[106.795197,-6.212787],[106.7954914,-6.2127536],[106.7957165,-6.2126971],[106.7957896,-6.2126403],[106.7958395,-6.2125205],[106.795848,-6.212405],[106.7951299,-6.2121705],[106.7948331,-6.2120124],[106.794778,-6.211934],[106.7946578,-6.2118539],[106.7945092,-6.2118468],[106.794301,-6.21195],[106.794225,-6.211984],[106.7941215,-6.2119706],[106.794027,-6.211923],[106.7940293,-6.2117956],[106.793979,-6.2117206],[106.7938673,-6.2116929],[106.7936113,-6.2117353],[106.7934616,-6.2116733],[106.793519,-6.211595],[106.793616,-6.211516],[106.7937571,-6.2114627],[106.7937706,-6.2110122],[106.7936544,-6.2108343],[106.793524,-6.210768],[106.793341,-6.2106608],[106.792838,-6.2104087],[106.792672,-6.210347],[106.792746,-6.209991],[106.792717,-6.20978],[106.792588,-6.209396],[106.792489,-6.209247],[106.792191,-6.209196],[106.792019,-6.209138],[106.791957,-6.209082],[106.7918334,-6.2087557],[106.791861,-6.208681],[106.7920655,-6.2082204],[106.79224,-6.208057],[106.792331,-6.207859],[106.7923939,-6.2077815],[106.790757,-6.207454],[106.7905432,-6.2075219],[106.7904833,-6.2075697],[106.78935,-6.208445],[106.7892006,-6.2085324],[106.788844,-6.208495],[106.788411,-6.20812],[106.7878533,-6.2075064],[106.7876851,-6.2072343],[106.787434,-6.207065],[106.7870158,-6.2069809],[106.786592,-6.206914],[106.785438,-6.206856],[106.784125,-6.206784],[106.783651,-6.206755],[106.783364,-6.206751],[106.783218,-6.206746],[106.783221,-6.2069553],[106.7832966,-6.208535],[106.7835429,-6.210784],[106.7835787,-6.2110141],[106.7835972,-6.2116045],[106.783621,-6.212071],[106.7834623,-6.21255],[106.7832438,-6.2128473],[106.7831688,-6.2129527],[106.7830807,-6.213017],[106.7827758,-6.2131861],[106.7823125,-6.2132676],[106.7802127,-6.2133543],[106.7796487,-6.2133905],[106.7783189,-6.2134816],[106.7779717,-6.2134623],[106.7777355,-6.213563],[106.7776718,-6.213818],[106.7776788,-6.2150516],[106.777477,-6.215602],[106.7770896,-6.2160312],[106.777102,-6.216192],[106.777161,-6.216683],[106.7772599,-6.2169],[106.777551,-6.217071],[106.7781048,-6.2172813],[106.7784846,-6.217558],[106.7784829,-6.2177743],[106.7784857,-6.2184175],[106.7784873,-6.2187912],[106.7784873,-6.218881],[106.778484,-6.219001],[106.7784993,-6.2196015],[106.7785109,-6.2197664],[106.778547,-6.2211267],[106.778481,-6.222119],[106.778481,-6.222141],[106.7784593,-6.2228847],[106.7784744,-6.2231941],[106.778456,-6.224076],[106.7784407,-6.2249696],[106.7784526,-6.2261617],[106.778455,-6.2265187],[106.7784657,-6.2267644],[106.77847,-6.22687],[106.7782792,-6.2268777],[106.7777685,-6.2268752],[106.777244,-6.2269084],[106.7769998,-6.226931],[106.7766135,-6.226939],[106.7761956,-6.2269454],[106.7758598,-6.2269817],[106.7754283,-6.2270041],[106.7750169,-6.2270008],[106.7749015,-6.2269654],[106.7746314,-6.2269817],[106.7745086,-6.2270102],[106.7743959,-6.2270396],[106.7742649,-6.227049],[106.7741316,-6.2270479],[106.7738154,-6.22707],[106.7727596,-6.227111],[106.7719362,-6.227114],[106.7715502,-6.2271406],[106.7711435,-6.2271729],[106.7704631,-6.2271699],[106.7701384,-6.2272027],[106.7697835,-6.227202],[106.7695441,-6.2272405],[106.7690879,-6.2272297],[106.7682024,-6.2272444],[106.7676788,-6.2272429],[106.7675297,-6.2273868],[106.7668288,-6.227411],[106.7658025,-6.2274087],[106.764599,-6.2274245],[106.7646831,-6.2272039],[106.7654433,-6.2269437],[106.7658481,-6.2268454],[106.7659864,-6.226669],[106.7661275,-6.226349],[106.766321,-6.2258171],[106.7665311,-6.2257018],[106.7668691,-6.2253658],[106.7669453,-6.2251346],[106.7666458,-6.2247369],[106.766338,-6.2242406],[106.7660367,-6.2238367],[106.7657345,-6.22347],[106.765506,-6.222897],[106.7654823,-6.2224746],[106.7652217,-6.2224776],[106.7647802,-6.2224323],[106.7642093,-6.2224635],[106.7624081,-6.222514],[106.7618969,-6.2225154],[106.7617482,-6.2222029],[106.7612853,-6.2221781],[106.7609063,-6.2221517],[106.7607423,-6.2221565],[106.7605648,-6.2221477],[106.760432,-6.2221391],[106.7602119,-6.2225793],[106.7583597,-6.2225616],[106.75786,-6.22266],[106.7568214,-6.2234586],[106.7563172,-6.2234471],[106.7551954,-6.223418],[106.755182,-6.223693],[106.754298,-6.223694],[106.7542763,-6.2234244],[106.754189,-6.223423],[106.7528922,-6.2234015],[106.752021,-6.223415],[106.7506371,-6.2234375],[106.7502631,-6.2234435],[106.749637,-6.2234537],[106.7476339,-6.223513],[106.7470084,-6.2235375],[106.746888,-6.2236031],[106.744608,-6.223832],[106.7414905,-6.2237791],[106.7406855,-6.223782],[106.739766,-6.223778],[106.737454,-6.223777]]]]},"properties":{"admin_level":"5","alt_name":"Jakarte Belah Udik","boundary":"administrative","name":"Jakarta Selatan","name:ar":"جنوب جاكرتا","name:bew":"Jakarte Beludik","name:en":"South Jakarta","name:ja":"南ジャカルタ","name:ko":"자카르타슬라탄","official_name":"Kota Administrasi Jakarta Selatan","place":"city","short_name":"Jaksel","website":"https://selatan.jakarta.go.id/","wikidata":"Q10114","wikipedia":"id:Kota Administrasi Jakarta Selatan","gathraCode":"JAKARTA_SELATAN","osmRelationId":5802438}},{"type":"Feature","geometry":{"type":"MultiPolygon","coordinates":[[[[106.6366233,-6.2369513],[106.6367949,-6.237314],[106.639581,-6.2394151],[106.6424557,-6.2411282],[106.6426345,-6.2412221],[106.6439931,-6.241936],[106.644382,-6.2424106],[106.6445178,-6.2432408],[106.6443159,-6.244417],[106.6437794,-6.2464007],[106.6437634,-6.2465767],[106.6437739,-6.2467566],[106.6447665,-6.2500162],[106.6458076,-6.2538907],[106.6458444,-6.2540276],[106.6462843,-6.2562459],[106.6473679,-6.2584962],[106.647958,-6.2593388],[106.6488914,-6.259936],[106.6490845,-6.2603093],[106.6491274,-6.2609278],[106.6490309,-6.2615144],[106.6480867,-6.2640313],[106.6476039,-6.2659083],[106.6478507,-6.2665162],[106.6497404,-6.2679137],[106.6505274,-6.2684958],[106.6518847,-6.2690757],[106.6519936,-6.2697374],[106.6515475,-6.2713247],[106.6507367,-6.272947],[106.6497711,-6.2737788],[106.6481824,-6.2743934],[106.647561,-6.2746338],[106.6466275,-6.2751189],[106.646177,-6.2756149],[106.6461341,-6.2771186],[106.6465136,-6.2790892],[106.6474031,-6.2809407],[106.6484571,-6.2823121],[106.6498718,-6.2836866],[106.6516727,-6.284323],[106.6537136,-6.2853916],[106.6549071,-6.2856628],[106.655848,-6.2861272],[106.6566565,-6.2870051],[106.6568212,-6.2873022],[106.6573217,-6.2882054],[106.6575019,-6.2889487],[106.6575012,-6.2894127],[106.6572244,-6.2900171],[106.656423,-6.2907175],[106.6559747,-6.2911093],[106.6544476,-6.2931791],[106.654314,-6.2933602],[106.6540173,-6.2944261],[106.6537338,-6.2956782],[106.6535727,-6.2971724],[106.6536105,-6.2982923],[106.6536927,-6.2985619],[106.6538906,-6.2990946],[106.6541975,-6.2995675],[106.6550052,-6.3002865],[106.6554959,-6.3005624],[106.6557789,-6.300607],[106.6560888,-6.3014195],[106.6561982,-6.3019072],[106.6563057,-6.3036026],[106.6564598,-6.3042019],[106.6566787,-6.3050121],[106.6569579,-6.3059464],[106.657275,-6.3064357],[106.657891,-6.3067888],[106.6586209,-6.3071332],[106.6590005,-6.3078465],[106.6590643,-6.3087548],[106.6584833,-6.3103901],[106.6581294,-6.3112387],[106.657872,-6.3116421],[106.6569055,-6.3123371],[106.6564534,-6.3128137],[106.6561812,-6.3130572],[106.6559837,-6.3136917],[106.6557462,-6.3141884],[106.6554211,-6.3145859],[106.6553763,-6.3156993],[106.6555324,-6.3162277],[106.6559564,-6.3166491],[106.6563688,-6.3167186],[106.6567418,-6.3166756],[106.6589033,-6.3155844],[106.659645,-6.3153922],[106.6606217,-6.3154859],[106.6611889,-6.3157971],[106.661988,-6.3165932],[106.6622602,-6.317275],[106.6621733,-6.3178771],[106.6618191,-6.318438],[106.6614345,-6.3185599],[106.6608778,-6.3183987],[106.6595166,-6.3179539],[106.6591593,-6.3179935],[106.6588281,-6.3184088],[106.6586074,-6.3193171],[106.6584472,-6.3203172],[106.6585835,-6.3208695],[106.6587067,-6.32127],[106.6587764,-6.3214968],[106.6586882,-6.3225382],[106.6580144,-6.323935],[106.6576682,-6.3244892],[106.6576504,-6.3249612],[106.6578329,-6.325221],[106.6591677,-6.3261733],[106.6605205,-6.3270253],[106.6608116,-6.3274737],[106.6604426,-6.3281865],[106.6597421,-6.3289429],[106.6589622,-6.3292577],[106.6584216,-6.3297308],[106.6577322,-6.3307298],[106.6571422,-6.3316544],[106.6568947,-6.3325672],[106.6566599,-6.3329507],[106.6553347,-6.3344105],[106.6545988,-6.335267],[106.6526118,-6.336418],[106.650494,-6.3373891],[106.6480539,-6.3387055],[106.6475031,-6.3391101],[106.6471558,-6.3399817],[106.6466823,-6.3418772],[106.646803,-6.3431141],[106.6474725,-6.3442504],[106.6491801,-6.3460434],[106.6498422,-6.3466897],[106.651161,-6.3479768],[106.6531959,-6.3494588],[106.6544876,-6.3499506],[106.6545826,-6.3500701],[106.6550835,-6.3506996],[106.6556933,-6.3534663],[106.6555758,-6.3547083],[106.6558599,-6.3557206],[106.6569052,-6.3574508],[106.6570875,-6.3588638],[106.6568447,-6.3593766],[106.6562929,-6.3598765],[106.6551607,-6.3601183],[106.6519902,-6.3612602],[106.6513338,-6.3617917],[106.6509839,-6.3621904],[106.651515,-6.3622073],[106.6532671,-6.3622632],[106.6547374,-6.3617299],[106.6556278,-6.3614399],[106.6557557,-6.3615314],[106.6559827,-6.3615464],[106.6591317,-6.3613434],[106.6598447,-6.3611734],[106.6600287,-6.3609964],[106.6609527,-6.3609074],[106.6629337,-6.3604863],[106.6642626,-6.3602595],[106.6704187,-6.3598323],[106.6726417,-6.3594773],[106.6750147,-6.3590403],[106.675872,-6.35905],[106.6758723,-6.35905],[106.676317,-6.359064],[106.678901,-6.358929],[106.679513,-6.358928],[106.679612,-6.35894],[106.67988,-6.359113],[106.680062,-6.359168],[106.68127,-6.359193],[106.681508,-6.359124],[106.681954,-6.35911],[106.6842705,-6.3592208],[106.6850537,-6.3592363],[106.6863657,-6.3591053],[106.6878657,-6.3591713],[106.6889647,-6.3591643],[106.6893917,-6.3591063],[106.6904167,-6.3589023],[106.6929897,-6.3588823],[106.6947047,-6.3587873],[106.6958547,-6.3588823],[106.6981157,-6.3587943],[106.6984877,-6.3588492],[106.6990527,-6.3590092],[106.6999657,-6.3589972],[106.7004688,-6.3590267],[106.7023788,-6.3591176],[106.7026857,-6.3591332],[106.7040067,-6.3590332],[106.7054567,-6.3585702],[106.7068967,-6.3584262],[106.7083497,-6.3585432],[106.7094217,-6.3586922],[106.7097557,-6.3587112],[106.7118257,-6.3586052],[106.7125547,-6.3587062],[106.7142538,-6.3587922],[106.7159988,-6.3586522],[106.7160708,-6.3586652],[106.7161218,-6.3587452],[106.717161,-6.35879],[106.717742,-6.358695],[106.718205,-6.3587],[106.718515,-6.358867],[106.718561,-6.358854],[106.718638,-6.3587],[106.7187863,-6.3587175],[106.718938,-6.359557],[106.718936,-6.359792],[106.718862,-6.360099],[106.71876,-6.360272],[106.71869,-6.360579],[106.718491,-6.36096],[106.718393,-6.361186],[106.718377,-6.361295],[106.718362,-6.3615083],[106.7184214,-6.3617202],[106.718627,-6.361863],[106.719019,-6.362034],[106.719175,-6.36207],[106.719307,-6.362033],[106.719426,-6.361951],[106.719532,-6.361788],[106.719679,-6.361326],[106.7198441,-6.3610737],[106.7199301,-6.3609976],[106.7200348,-6.3609985],[106.7202807,-6.3610465],[106.7204354,-6.3610958],[106.7205302,-6.3611504],[106.7205999,-6.36123],[106.7206259,-6.3613121],[106.7206544,-6.3613539],[106.720676,-6.361423],[106.7209334,-6.3621868],[106.7210519,-6.3621369],[106.7210868,-6.3621235],[106.7211377,-6.3621182],[106.7216769,-6.3621448],[106.7215177,-6.3605295],[106.7215667,-6.3604833],[106.7236143,-6.3603939],[106.7243278,-6.3603361],[106.7257833,-6.3602175],[106.7274419,-6.3601224],[106.7280579,-6.3600416],[106.7300312,-6.3602318],[106.7305362,-6.3602122],[106.730606,-6.3602549],[106.7308795,-6.3602282],[106.7309815,-6.3603722],[106.7317164,-6.3604681],[106.7327221,-6.3606106],[106.7339985,-6.3605486],[106.7344603,-6.3606147],[106.7348143,-6.3605774],[106.7356458,-6.3605694],[106.7361823,-6.3605674],[106.7367589,-6.3605907],[106.7369199,-6.3605667],[106.7372122,-6.3606467],[106.737695,-6.3606361],[106.7387277,-6.3606894],[106.7393709,-6.3606734],[106.739594,-6.3607374],[106.7400983,-6.3606947],[106.7401493,-6.3607427],[106.7404022,-6.3607161],[106.7404872,-6.3606147],[106.7408225,-6.3605961],[106.7414448,-6.3606441],[106.7427215,-6.3607468],[106.7429709,-6.360732],[106.7431051,-6.3607107],[106.7438534,-6.3608147],[106.7438909,-6.3607374],[106.7443972,-6.3608337],[106.7447466,-6.3608573],[106.7449504,-6.3599376],[106.7460582,-6.3599456],[106.7460126,-6.3605374],[106.7463693,-6.3606147],[106.7467073,-6.3606094],[106.7466992,-6.360916],[106.7475092,-6.3609133],[106.7480152,-6.3609993],[106.7483367,-6.3609839],[106.748849,-6.3609759],[106.7490099,-6.3610346],[106.749364,-6.3609599],[106.7498521,-6.3609679],[106.7501123,-6.3610159],[106.7508902,-6.3609813],[106.7522286,-6.3610212],[106.7527677,-6.3610506],[106.7532666,-6.3610346],[106.755628,-6.3611032],[106.7562143,-6.3610452],[106.7565067,-6.3610666],[106.7566167,-6.3611759],[106.7566268,-6.3614354],[106.7572792,-6.361701],[106.7575152,-6.3616317],[106.7579149,-6.361605],[106.7580114,-6.3615491],[106.7581563,-6.3615837],[106.7582475,-6.3616983],[106.7583762,-6.3617623],[106.7584862,-6.3617143],[106.7585371,-6.3615997],[106.7585479,-6.3614744],[106.7586042,-6.3613704],[106.7587049,-6.3613423],[106.7588617,-6.3614051],[106.7600445,-6.3613944],[106.7603845,-6.3613494],[106.760927,-6.3612958],[106.7620774,-6.3614011],[106.7628938,-6.3613939],[106.7636736,-6.3613305],[106.7650013,-6.3614158],[106.7656745,-6.3614504],[106.7670396,-6.3614594],[106.7677832,-6.3616356],[106.7682998,-6.3617747],[106.7686484,-6.3619232],[106.7689737,-6.3619944],[106.7691753,-6.3619913],[106.7694244,-6.3619527],[106.7694228,-6.3617957],[106.7694228,-6.3615664],[106.7694338,-6.3614673],[106.7694613,-6.3614006],[106.7696424,-6.3613262],[106.7697822,-6.3613732],[106.7699555,-6.3613241],[106.7700665,-6.3612345],[106.7701335,-6.3610521],[106.7700934,-6.360904],[106.7699609,-6.3609029],[106.7697769,-6.36092],[106.7696749,-6.3607387],[106.7697018,-6.3605308],[106.7698305,-6.3603602],[106.7699448,-6.3601672],[106.7700129,-6.3598964],[106.7700129,-6.3596618],[106.7700225,-6.3595418],[106.7699231,-6.3591952],[106.7699143,-6.358986],[106.7700022,-6.3587768],[106.7701738,-6.3586222],[106.7702865,-6.3584409],[106.7703455,-6.3582649],[106.7704099,-6.3580357],[106.7705118,-6.3579344],[106.7707478,-6.3579717],[106.7709248,-6.3579504],[106.7710498,-6.357816],[106.7711555,-6.3575399],[106.771236,-6.3573053],[106.7711613,-6.3568518],[106.7710391,-6.3565312],[106.7710321,-6.3562177],[106.7709624,-6.3557912],[106.7709195,-6.3554553],[106.770898,-6.3552527],[106.7710391,-6.3551023],[106.7711096,-6.3549908],[106.7711839,-6.3548731],[106.771236,-6.3546982],[106.7711806,-6.3545228],[106.7710429,-6.3543517],[106.7707977,-6.3541373],[106.7705279,-6.3539198],[106.7702007,-6.35344],[106.7701159,-6.3532032],[106.7700773,-6.3526029],[106.7701416,-6.3522084],[106.7702744,-6.3519974],[106.7706475,-6.3518075],[106.7710107,-6.3518779],[106.771413,-6.3521178],[106.771597,-6.3523673],[106.771833,-6.3524953],[106.7719189,-6.3524526],[106.7719763,-6.3522031],[106.7719012,-6.3516006],[106.7719029,-6.351033],[106.7719548,-6.3506303],[106.7720514,-6.3502784],[106.7722016,-6.3500971],[106.7724108,-6.3500918],[106.7727879,-6.3502614],[106.7731457,-6.3505237],[106.7734607,-6.3506146],[106.7736333,-6.3504814],[106.7738179,-6.3502827],[106.7739129,-6.3499852],[106.7738753,-6.3493614],[106.7739397,-6.3490575],[106.7739933,-6.3489189],[106.7740041,-6.3487216],[106.7739772,-6.348535],[106.7739772,-6.3482098],[106.773929,-6.3480072],[106.7738646,-6.3477833],[106.7737376,-6.3476134],[106.7735427,-6.3474474],[106.7733512,-6.3473503],[106.7732584,-6.3471381],[106.7732209,-6.3468342],[106.7732155,-6.3464504],[106.7734455,-6.346195],[106.7736286,-6.3461145],[106.7739075,-6.3461358],[106.774224,-6.3460878],[106.7744938,-6.3458682],[106.7744938,-6.3456327],[106.7742937,-6.345528],[106.7741328,-6.3453254],[106.7742256,-6.3451431],[106.7745083,-6.3449469],[106.7746317,-6.3448083],[106.7745191,-6.344611],[106.7742954,-6.3446952],[106.7739789,-6.3447539],[106.7736837,-6.3447015],[106.7733281,-6.344627],[106.772894,-6.3443806],[106.7726737,-6.3442378],[106.7725895,-6.3439861],[106.772689,-6.34367],[106.7729167,-6.3433943],[106.7731474,-6.343185],[106.7735551,-6.3429838],[106.773646,-6.342798],[106.7737037,-6.3424784],[106.7734193,-6.3421052],[106.7731366,-6.3418962],[106.7729811,-6.3416349],[106.7730546,-6.3412041],[106.7732654,-6.3409471],[106.773355,-6.3407083],[106.7733966,-6.3402751],[106.7733177,-6.3399381],[106.7731272,-6.3396211],[106.7730425,-6.3393421],[106.7731675,-6.3391064],[106.7734877,-6.3390062],[106.7737075,-6.3388761],[106.7736916,-6.3387236],[106.7735521,-6.338601],[106.7733464,-6.3384934],[106.7731552,-6.3384943],[106.7728403,-6.3385786],[106.7725651,-6.3385903],[106.7724256,-6.338537],[106.7724095,-6.3383557],[106.772447,-6.3381851],[106.7725055,-6.3380321],[106.7726257,-6.3379548],[106.7732104,-6.3378801],[106.7740502,-6.3379395],[106.7746465,-6.3378972],[106.7749951,-6.3378279],[106.7751362,-6.3376775],[106.7750381,-6.337332],[106.774904,-6.3370015],[106.7745982,-6.3367562],[106.7744335,-6.3364939],[106.7743836,-6.3361857],[106.7744753,-6.3360203],[106.7746679,-6.3359831],[106.7750059,-6.3360684],[106.7753025,-6.3361633],[106.775596,-6.3362124],[106.7758497,-6.3361313],[106.7762789,-6.3359661],[106.776463,-6.3359541],[106.7764865,-6.3358285],[106.7762849,-6.335699],[106.7759661,-6.3356259],[106.7758213,-6.3355992],[106.7757301,-6.3352793],[106.7757193,-6.3349275],[106.7757408,-6.3347622],[106.7758121,-6.3345745],[106.7759554,-6.3343623],[106.7760585,-6.3340971],[106.7759876,-6.3338505],[106.7757408,-6.3335839],[106.7754511,-6.3332853],[106.7753615,-6.333103],[106.7755477,-6.3328748],[106.7760198,-6.3327681],[106.7762933,-6.3327308],[106.77659,-6.3326391],[106.7766849,-6.3323309],[106.7766742,-6.3319577],[106.7764842,-6.3317215],[106.776234,-6.3315506],[106.7761109,-6.3313286],[106.7761769,-6.3311836],[106.776524,-6.3305928],[106.7768475,-6.3304105],[106.7772643,-6.3302356],[106.777518,-6.3298026],[106.7776329,-6.3295277],[106.7777256,-6.3290679],[106.7778007,-6.3284868],[106.7777096,-6.3280915],[106.7777525,-6.3278203],[106.777731,-6.3274737],[106.7776666,-6.3272978],[106.777393,-6.3272711],[106.7770478,-6.3272488],[106.7768314,-6.3271368],[106.7769424,-6.3268659],[106.7772858,-6.3266153],[106.777554,-6.3264927],[106.7777739,-6.3265727],[106.7780062,-6.3268915],[106.7782138,-6.3270419],[106.7785051,-6.3271421],[106.7787181,-6.3271645],[106.7789004,-6.3272072],[106.7790185,-6.3268872],[106.7789916,-6.3265407],[106.7789219,-6.3260928],[106.7788902,-6.3256946],[106.7789487,-6.3252184],[106.7790399,-6.3248665],[106.7790451,-6.3247165],[106.7790506,-6.3245573],[106.7789702,-6.3241467],[106.7788001,-6.3237938],[106.7786392,-6.3234792],[106.7782138,-6.3234536],[106.7778882,-6.3233459],[106.7777686,-6.3231817],[106.7778544,-6.3230164],[106.7781602,-6.3227978],[106.778305,-6.3225952],[106.7784496,-6.3222204],[106.778702,-6.3220833],[106.7790791,-6.3219756],[106.779292,-6.3215768],[106.7793403,-6.3214382],[106.7793271,-6.3213261],[106.7791903,-6.3212294],[106.7791255,-6.3211185],[106.7790655,-6.3209736],[106.778945,-6.3206533],[106.778877,-6.3203621],[106.7788593,-6.3201783],[106.7788638,-6.3199434],[106.7788818,-6.319737],[106.7788998,-6.3196558],[106.7789265,-6.3196025],[106.7791143,-6.3193628],[106.7792083,-6.3192132],[106.7792824,-6.3190759],[106.7793654,-6.318844],[106.7793955,-6.3187014],[106.7794316,-6.3185248],[106.7794761,-6.3181699],[106.7794643,-6.3178182],[106.7794267,-6.3177121],[106.7793634,-6.3176492],[106.7792606,-6.3176256],[106.7791051,-6.3176121],[106.7789429,-6.3175728],[106.7788342,-6.317506],[106.7787585,-6.3174397],[106.7787222,-6.3173521],[106.7787342,-6.3172185],[106.778787,-6.3171183],[106.7788566,-6.3170431],[106.7790018,-6.3169655],[106.7792863,-6.3168236],[106.7793799,-6.3167854],[106.7794832,-6.3167448],[106.7796044,-6.3167246],[106.779734,-6.3166971],[106.7798498,-6.3166037],[106.7799346,-6.3165573],[106.779989,-6.3164462],[106.7800127,-6.3163552],[106.779998,-6.3162872],[106.7799471,-6.3161983],[106.7798455,-6.3161397],[106.7797393,-6.316117],[106.7796077,-6.3160488],[106.7794409,-6.3158927],[106.7792482,-6.315797],[106.779016,-6.3157374],[106.7778479,-6.3154887],[106.7770291,-6.3153738],[106.7769024,-6.3153203],[106.7768137,-6.3152573],[106.776744,-6.3151251],[106.7766838,-6.3149189],[106.7766411,-6.3146323],[106.7766411,-6.3144545],[106.7766601,-6.3140892],[106.7766569,-6.3139806],[106.7765983,-6.3137256],[106.7765223,-6.3135776],[106.7764843,-6.3134847],[106.7764621,-6.3133919],[106.7764573,-6.3132801],[106.7764621,-6.3129731],[106.7764858,-6.3127197],[106.7765033,-6.3126362],[106.7765524,-6.3125622],[106.7765898,-6.3124676],[106.7765787,-6.312373],[106.7765502,-6.3123415],[106.7764314,-6.3123352],[106.776395,-6.3123085],[106.7763681,-6.3122423],[106.7763792,-6.3121353],[106.7764188,-6.3119968],[106.7764172,-6.3119102],[106.776376,-6.3118488],[106.7762762,-6.3118157],[106.7760592,-6.3118],[106.7759056,-6.3117921],[106.7758263,-6.3117616],[106.7757536,-6.3117197],[106.7756459,-6.3117118],[106.7755188,-6.3117195],[106.7754276,-6.3117497],[106.7753049,-6.3118235],[106.775184,-6.3119369],[106.7750726,-6.3120651],[106.775028,-6.3121405],[106.7749713,-6.3122194],[106.7748842,-6.3122556],[106.7747875,-6.3122524],[106.7747036,-6.3122304],[106.7746235,-6.3121882],[106.7745651,-6.3121183],[106.7745357,-6.3120336],[106.7745325,-6.3119454],[106.7745294,-6.3118258],[106.7745072,-6.3116542],[106.7744898,-6.3114984],[106.7744977,-6.311352],[106.7745531,-6.311215],[106.7746925,-6.3110639],[106.7748209,-6.3109531],[106.7749317,-6.310875],[106.7751075,-6.3107758],[106.7752469,-6.3106829],[106.7753482,-6.3105759],[106.7753847,-6.3105176],[106.7753894,-6.3104531],[106.7753419,-6.3103995],[106.7752331,-6.3103541],[106.7749983,-6.3103101],[106.7748026,-6.3102504],[106.7743955,-6.3101512],[106.7737533,-6.3100091],[106.773629,-6.3099452],[106.773487,-6.3098532],[106.7733436,-6.3097131],[106.7733162,-6.3096549],[106.7733036,-6.3095981],[106.7733304,-6.3095164],[106.7734114,-6.3094123],[106.7735157,-6.3093159],[106.7736514,-6.3092308],[106.7737897,-6.3091712],[106.773918,-6.3091449],[106.7740748,-6.3090536],[106.7744999,-6.3089309],[106.774621,-6.3088787],[106.7747629,-6.3087955],[106.7750289,-6.308616],[106.7751113,-6.308531],[106.7751509,-6.3084193],[106.7751667,-6.3083122],[106.7751683,-6.3082272],[106.7751103,-6.3081415],[106.7750305,-6.3080729],[106.7748991,-6.3079722],[106.7747644,-6.3078415],[106.7745696,-6.3076274],[106.7744354,-6.307462],[106.7742148,-6.3072354],[106.7741182,-6.3071441],[106.774047,-6.3071142],[106.7739519,-6.3071016],[106.7738754,-6.3069835],[106.7738244,-6.3068582],[106.7738164,-6.3067435],[106.7738485,-6.3065916],[106.7739344,-6.3064369],[106.7740578,-6.306309],[106.7741972,-6.306213],[106.7743367,-6.306149],[106.7744815,-6.306133],[106.7748892,-6.3061437],[106.7754042,-6.306149],[106.7755491,-6.3061117],[106.7756027,-6.3060744],[106.7756456,-6.3060157],[106.7756617,-6.3059464],[106.7756295,-6.3058664],[106.7755383,-6.3057331],[106.7751628,-6.3053332],[106.7750663,-6.3051999],[106.7750126,-6.305072],[106.7750126,-6.304992],[106.7750394,-6.304912],[106.7750824,-6.3048374],[106.7754901,-6.3044428],[106.7756242,-6.3042828],[106.7756778,-6.3041922],[106.77571,-6.3041122],[106.77571,-6.3039949],[106.7756778,-6.3038936],[106.7756242,-6.3037923],[106.7753881,-6.3035257],[106.775254,-6.3034031],[106.7751414,-6.3033124],[106.7749697,-6.3032538],[106.7748463,-6.3032324],[106.7745459,-6.3031898],[106.7744333,-6.3031951],[106.7743313,-6.3032324],[106.7742562,-6.3032911],[106.7742026,-6.3033657],[106.7738378,-6.3041762],[106.7736232,-6.3045281],[106.7735052,-6.3046454],[106.7733604,-6.3047147],[106.7732477,-6.304736],[106.7731404,-6.3047147],[106.7730707,-6.3046774],[106.7730063,-6.3046134],[106.7729849,-6.3045441],[106.7729795,-6.3044801],[106.7729956,-6.3043681],[106.7731082,-6.3041335],[106.7734516,-6.3036057],[106.773532,-6.3034244],[106.7735642,-6.3033177],[106.7735642,-6.3032218],[106.7735374,-6.3031524],[106.7734891,-6.3030778],[106.7734355,-6.3030191],[106.7733604,-6.3029658],[106.7732477,-6.3029285],[106.7731619,-6.3029178],[106.7730063,-6.3029232],[106.7724484,-6.3030085],[106.7719549,-6.3031524],[106.7717135,-6.3032164],[106.7715687,-6.3031844],[106.7714667,-6.3031285],[106.7712468,-6.3028565],[106.7711341,-6.3026752],[106.7710054,-6.3024939],[106.7709464,-6.302366],[106.7709464,-6.302222],[106.7709625,-6.3020247],[106.7710215,-6.3018754],[106.7710912,-6.3017635],[106.7711556,-6.3016995],[106.7712522,-6.3016408],[106.7713863,-6.3015608],[106.7715848,-6.3015129],[106.7726576,-6.3014862],[106.7729312,-6.3014809],[106.7730975,-6.3014275],[106.7732048,-6.3013582],[106.7732263,-6.3012942],[106.7731351,-6.3010863],[106.7726061,-6.3002777],[106.7724937,-6.3001078],[106.772385,-6.2999958],[106.7722268,-6.2998958],[106.7717494,-6.2996905],[106.7716461,-6.2996239],[106.7715549,-6.2995506],[106.7715214,-6.2994959],[106.7714652,-6.2993186],[106.7713747,-6.299152],[106.7712422,-6.2989872],[106.7711686,-6.298902],[106.7711016,-6.2987674],[106.7709042,-6.2983075],[106.7708747,-6.2982128],[106.7708586,-6.2980995],[106.7708881,-6.2978063],[106.7708908,-6.2975863],[106.770872,-6.2974997],[106.7708304,-6.2974277],[106.7707566,-6.2973757],[106.770699,-6.2973637],[106.7706467,-6.2973917],[106.770593,-6.2974557],[106.7705233,-6.2975503],[106.7703996,-6.2976807],[106.7702964,-6.2977321],[106.77018,-6.2977569],[106.7700834,-6.2977423],[106.7699976,-6.2977169],[106.7699064,-6.2976676],[106.7698434,-6.2976023],[106.7698071,-6.2975303],[106.7697817,-6.297449],[106.7697736,-6.297345],[106.7697884,-6.2970424],[106.7697991,-6.2969131],[106.7698125,-6.2967692],[106.7698365,-6.2966305],[106.7698702,-6.2964986],[106.7699198,-6.2963839],[106.7699761,-6.2963],[106.7700512,-6.29622],[106.7701116,-6.296148],[106.7701599,-6.2960693],[106.7702028,-6.2959654],[106.7702484,-6.2958307],[106.7702511,-6.2957534],[106.7702215,-6.2956801],[106.7701317,-6.2956174],[106.7700231,-6.2955828],[106.7699144,-6.2955588],[106.7697711,-6.2955563],[106.7696261,-6.2955828],[106.7694856,-6.2956288],[106.769382,-6.2956761],[106.7691822,-6.2957801],[106.7690387,-6.2958641],[106.7689086,-6.2959254],[106.7687435,-6.2959654],[106.7685304,-6.295964],[106.7683065,-6.2959387],[106.7681074,-6.2959049],[106.7680147,-6.2958929],[106.7679196,-6.2958577],[106.7677512,-6.2957894],[106.7676104,-6.2956894],[106.7674924,-6.2955788],[106.7673757,-6.2954708],[106.7672577,-6.2953415],[106.7671826,-6.2952029],[106.7671598,-6.2950976],[106.7671665,-6.2949976],[106.7671893,-6.2948923],[106.7672325,-6.2948031],[106.7672994,-6.2947207],[106.7673972,-6.294631],[106.7675139,-6.294535],[106.7675826,-6.2944612],[106.7678438,-6.2940658],[106.7679553,-6.2938998],[106.7680157,-6.2938291],[106.7681096,-6.2937345],[106.7682421,-6.2935459],[106.7682877,-6.2934513],[106.7682971,-6.2933526],[106.7682748,-6.2932549],[106.7682287,-6.293178],[106.7680921,-6.293044],[106.7679111,-6.292856],[106.7676978,-6.2926054],[106.7676362,-6.2925254],[106.7675771,-6.2924492],[106.7675637,-6.2924039],[106.767565,-6.2923586],[106.7675892,-6.2923148],[106.7676348,-6.2922828],[106.7681552,-6.2920295],[106.7683831,-6.2920002],[106.7684422,-6.2918922],[106.7685159,-6.2918096],[106.7685817,-6.2917803],[106.7686541,-6.2917803],[106.7688766,-6.2918936],[106.7692405,-6.2921224],[106.7693693,-6.2921917],[106.7694296,-6.2922257],[106.7694658,-6.2922337],[106.7695034,-6.2922177],[106.7695986,-6.292051],[106.769616,-6.2919977],[106.7696053,-6.2919471],[106.7695664,-6.2918884],[106.7694605,-6.2917351],[106.7693944,-6.2914524],[106.7693407,-6.2911697],[106.7692737,-6.2906992],[106.769224,-6.2904832],[106.7690096,-6.2902183],[106.7688704,-6.2900728],[106.7687819,-6.2899955],[106.768688,-6.2900195],[106.7685539,-6.2901581],[106.7681998,-6.2905207],[106.7680899,-6.2906914],[106.7679799,-6.290882],[106.7678753,-6.2913006],[106.7678887,-6.2914179],[106.7678592,-6.2915032],[106.7677841,-6.2915672],[106.7675959,-6.2916283],[106.7675195,-6.291627],[106.7674028,-6.2916136],[106.7672831,-6.2915934],[106.7671936,-6.2915577],[106.7671185,-6.291503],[106.7670604,-6.2914398],[106.7670032,-6.2913577],[106.7669361,-6.2912271],[106.7668806,-6.2910845],[106.7668462,-6.2909938],[106.766799,-6.2908906],[106.7667093,-6.2906936],[106.7665287,-6.290279],[106.766475,-6.2900051],[106.766468,-6.2897962],[106.7665007,-6.2894783],[106.7664866,-6.2893947],[106.7664286,-6.2893258],[106.7663701,-6.2892902],[106.7661597,-6.2892439],[106.7661037,-6.2891951],[106.7660897,-6.2890907],[106.7661341,-6.2889746],[106.7662257,-6.2888768],[106.7659533,-6.2887879],[106.7656785,-6.2887772],[106.7649601,-6.2887714],[106.7635864,-6.2887398],[106.7631208,-6.2887314],[106.7630808,-6.287863],[106.7630784,-6.2876337],[106.7630047,-6.2875365],[106.7630225,-6.2868871],[106.7626262,-6.2868976],[106.761832,-6.286921],[106.7610383,-6.286687],[106.760142,-6.286435],[106.7606219,-6.2847862],[106.7609406,-6.2837877],[106.7612379,-6.2828209],[106.7614402,-6.2821671],[106.7615263,-6.2818217],[106.7616551,-6.2811544],[106.761863,-6.2801665],[106.7619536,-6.2796768],[106.7620296,-6.2792846],[106.7621255,-6.2787895],[106.7621338,-6.2787321],[106.7621436,-6.2786646],[106.7622651,-6.2778587],[106.7616885,-6.2778346],[106.7611937,-6.2778873],[106.760838,-6.2779026],[106.7604912,-6.27794],[106.76031,-6.2779839],[106.7600727,-6.2781021],[106.7599745,-6.278161],[106.7598925,-6.2782035],[106.7587355,-6.2780619],[106.7583194,-6.2780011],[106.7578952,-6.2779287],[106.7575241,-6.2777354],[106.7569967,-6.2775302],[106.7570514,-6.2773793],[106.7571087,-6.2771246],[106.7571087,-6.2769095],[106.7570747,-6.2766496],[106.7570357,-6.2762591],[106.7571207,-6.2761782],[106.7571136,-6.2759038],[106.7572101,-6.2757483],[106.7572367,-6.2753757],[106.7572153,-6.2751864],[106.7571751,-6.2749811],[106.7570919,-6.2746718],[106.7570383,-6.2743759],[106.7569459,-6.2742346],[106.75682,-6.2743821],[106.756398,-6.2743799],[106.7560946,-6.2743575],[106.7551072,-6.2744388],[106.7546654,-6.2744415],[106.7543535,-6.2744445],[106.7539384,-6.2744535],[106.7529617,-6.2744877],[106.7520804,-6.2745176],[106.751481,-6.2745465],[106.7513992,-6.2737226],[106.7513931,-6.2730098],[106.7513734,-6.2726232],[106.751382,-6.2723941],[106.7513895,-6.271911],[106.7510819,-6.2716074],[106.7507011,-6.2719753],[106.7504413,-6.2718214],[106.753543,-6.2685711],[106.7534068,-6.2684598],[106.7531635,-6.2682352],[106.7528962,-6.2679886],[106.7527077,-6.2677764],[106.7526654,-6.2676216],[106.7526789,-6.2666027],[106.7530309,-6.2659657],[106.7528226,-6.2657244],[106.7527689,-6.2654811],[106.7525382,-6.2650385],[106.7524982,-6.2649146],[106.7524889,-6.2648856],[106.7524872,-6.2647452],[106.7525248,-6.2646213],[106.7526026,-6.264498],[106.7529419,-6.2642913],[106.753025,-6.264262],[106.7531457,-6.26423],[106.7532691,-6.264246],[106.7533549,-6.2642727],[106.7534193,-6.26427],[106.7535025,-6.2642407],[106.75409,-6.2639169],[106.7549678,-6.2634027],[106.7557462,-6.262638],[106.755963,-6.2625577],[106.7562553,-6.2624918],[106.7565502,-6.262423],[106.7565446,-6.2623301],[106.7564984,-6.2620821],[106.7563681,-6.2615583],[106.7559869,-6.2617386],[106.7553324,-6.2619568],[106.7550844,-6.2619931],[106.7543491,-6.2619943],[106.7542152,-6.2620259],[106.7537956,-6.2622336],[106.7536359,-6.2622705],[106.7534434,-6.2622722],[106.7532509,-6.2622522],[106.7530925,-6.2622074],[106.7527563,-6.2621123],[106.7523442,-6.2619981],[106.7515237,-6.2617682],[106.75147,-6.2617256],[106.7514566,-6.2616829],[106.7515624,-6.2613343],[106.7515589,-6.2612533],[106.7515164,-6.261183],[106.7514191,-6.2611043],[106.7516025,-6.2605671],[106.7525762,-6.2597279],[106.7526593,-6.2596728],[106.7527672,-6.2596605],[106.7528565,-6.2596942],[106.7531153,-6.2596697],[106.753368,-6.2596973],[106.7538949,-6.2597555],[106.7544208,-6.2598654],[106.7544615,-6.2576791],[106.7540431,-6.2559619],[106.7540965,-6.2556206],[106.7542918,-6.2553196],[106.7543649,-6.2541489],[106.7537238,-6.252301],[106.7539876,-6.2516908],[106.7531569,-6.2517774],[106.7529243,-6.2517442],[106.752724,-6.2517134],[106.752667,-6.2516584],[106.752623,-6.2515516],[106.752527,-6.2514998],[106.7524781,-6.2513816],[106.7524569,-6.2512537],[106.752413,-6.2512311],[106.7523413,-6.2512149],[106.7522045,-6.2510886],[106.7519815,-6.2510903],[106.7519066,-6.2508361],[106.7518772,-6.2504703],[106.7518805,-6.2500333],[106.7511127,-6.250084],[106.7506501,-6.2501016],[106.749848,-6.2501061],[106.7492104,-6.2501133],[106.7481212,-6.2501445],[106.7475271,-6.2501421],[106.7467641,-6.2502148],[106.7464589,-6.2502527],[106.7459804,-6.2502513],[106.7454779,-6.250275],[106.744738,-6.2502947],[106.7447543,-6.2502136],[106.744771,-6.250083],[106.7440081,-6.2499441],[106.7439127,-6.2499219],[106.7438175,-6.250436],[106.7435486,-6.2503816],[106.7425527,-6.2501611],[106.7423147,-6.2502055],[106.7414314,-6.2504312],[106.7411965,-6.2504714],[106.7408574,-6.2504645],[106.7405206,-6.2504577],[106.7400089,-6.2504533],[106.7396816,-6.2504462],[106.7394898,-6.2504668],[106.7394438,-6.2504785],[106.7393477,-6.2505143],[106.7387882,-6.2507496],[106.7387182,-6.2507729],[106.7386082,-6.2507863],[106.7381398,-6.2508006],[106.7379199,-6.2508028],[106.7378723,-6.2508033],[106.7378613,-6.2508978],[106.7377291,-6.2508966],[106.7375291,-6.2508734],[106.7374024,-6.2508634],[106.7372291,-6.2507402],[106.7371157,-6.2506969],[106.7369957,-6.2506736],[106.7368723,-6.2506637],[106.7364352,-6.2506657],[106.7359036,-6.2506603],[106.7356403,-6.2506804],[106.7354582,-6.2507095],[106.7350395,-6.2507527],[106.7345613,-6.2507165],[106.7338182,-6.2507484],[106.7322451,-6.2507726],[106.7318765,-6.2507585],[106.7316124,-6.2507436],[106.7313476,-6.2507475],[106.7312556,-6.2509449],[106.7312241,-6.2513322],[106.7311846,-6.2517402],[106.7311378,-6.2521353],[106.7311314,-6.2525233],[106.730365,-6.2525771],[106.7302533,-6.2525698],[106.7302825,-6.2520041],[106.7302758,-6.2518463],[106.7301837,-6.2516162],[106.7300478,-6.2514562],[106.7298243,-6.2512974],[106.7295006,-6.2511457],[106.7291929,-6.2510814],[106.7290563,-6.2510267],[106.7288156,-6.2510517],[106.7286393,-6.2510642],[106.7285053,-6.2510494],[106.7280442,-6.2510369],[106.7272723,-6.2511241],[106.727225,-6.2509379],[106.727158,-6.2509081],[106.7271639,-6.2506499],[106.727,-6.25065],[106.7268688,-6.2506688],[106.7267171,-6.2506973],[106.7264416,-6.2507894],[106.7262877,-6.2507844],[106.7260221,-6.2507175],[106.7260212,-6.2510638],[106.7259345,-6.251074],[106.7258813,-6.2510902],[106.7258894,-6.2511933],[106.7252825,-6.251279],[106.7250142,-6.2513323],[106.7247804,-6.2513021],[106.7244111,-6.2512815],[106.7241348,-6.2512751],[106.7237603,-6.2513737],[106.7235349,-6.2514251],[106.7234613,-6.2511864],[106.723431,-6.2510362],[106.7234019,-6.2509913],[106.7232873,-6.2509835],[106.7217499,-6.2510119],[106.7208468,-6.2510482],[106.7208135,-6.2510674],[106.7208096,-6.251107],[106.7208101,-6.25114],[106.7207951,-6.2511827],[106.7207366,-6.2512688],[106.7207262,-6.2513068],[106.7207349,-6.2514395],[106.7203497,-6.2514113],[106.7199364,-6.2513613],[106.7199102,-6.2513705],[106.719617,-6.2513612],[106.7192229,-6.2513781],[106.718836,-6.2514022],[106.7186258,-6.251376],[106.7178211,-6.2513102],[106.7170989,-6.2513726],[106.7170164,-6.2514524],[106.7168975,-6.2514983],[106.7167505,-6.2515053],[106.7159585,-6.251563],[106.7140436,-6.2516684],[106.7135182,-6.2516973],[106.7135112,-6.2516148],[106.7134975,-6.2515346],[106.7134824,-6.251472],[106.7130677,-6.2514928],[106.7125957,-6.2515228],[106.712379,-6.2515405],[106.7115866,-6.2515911],[106.7109261,-6.2515953],[106.7109287,-6.2514658],[106.7103453,-6.2506578],[106.7101606,-6.250426],[106.7097885,-6.2500036],[106.7097133,-6.2499789],[106.7103001,-6.2506267],[106.7105025,-6.2508935],[106.710615,-6.2510588],[106.7103681,-6.2512597],[106.7106629,-6.2516746],[106.7106715,-6.251977],[106.7104706,-6.2519981],[106.7104778,-6.2526648],[106.7102857,-6.2526112],[106.7100258,-6.2525576],[106.7097453,-6.2525128],[106.709252,-6.252684],[106.7089628,-6.2526482],[106.7085175,-6.2528016],[106.7080402,-6.2528731],[106.7077509,-6.2529764],[106.7076552,-6.2531956],[106.7074926,-6.2534138],[106.7073772,-6.2534914],[106.7071525,-6.2535137],[106.7069869,-6.2535245],[106.7066952,-6.2535559],[106.7065754,-6.2536432],[106.7065605,-6.2536926],[106.7065538,-6.2537621],[106.7065277,-6.2538815],[106.7065107,-6.2540473],[106.7065084,-6.2541429],[106.706496,-6.254243],[106.7064163,-6.2545122],[106.7063996,-6.2546976],[106.7063434,-6.2548519],[106.7062036,-6.2550026],[106.7059961,-6.2552621],[106.7059123,-6.2553729],[106.7058903,-6.255417],[106.7058877,-6.2554871],[106.7058787,-6.2555519],[106.7058866,-6.2559186],[106.7058789,-6.2561158],[106.7058854,-6.256143],[106.70591,-6.2561611],[106.7059645,-6.256165],[106.7060242,-6.2561637],[106.706036,-6.2562658],[106.706031,-6.2563786],[106.7060049,-6.2564815],[106.7060007,-6.256567],[106.7059951,-6.2566094],[106.705954,-6.2567562],[106.7058887,-6.2569522],[106.7056927,-6.2576223],[106.7054396,-6.2575982],[106.704442,-6.2566303],[106.7042582,-6.2564425],[106.704033,-6.2561635],[106.7038267,-6.2559237],[106.7035052,-6.2555309],[106.7032099,-6.2552535],[106.7030023,-6.255072],[106.7027776,-6.254943],[106.7023645,-6.2548423],[106.7019972,-6.2547397],[106.7016012,-6.2545846],[106.701091,-6.2544206],[106.7008871,-6.2543834],[106.7007622,-6.2543516],[106.7004379,-6.2541744],[106.700311,-6.2540907],[106.7002761,-6.2540698],[106.7001654,-6.2540103],[106.6996464,-6.2537901],[106.6994968,-6.2537201],[106.6993555,-6.2536165],[106.6991622,-6.2533984],[106.6988687,-6.252984],[106.6988237,-6.2529483],[106.6987505,-6.2528579],[106.6986233,-6.2526545],[106.6984681,-6.2522938],[106.6983294,-6.2518997],[106.6982486,-6.2517704],[106.6981193,-6.2517261],[106.6979012,-6.251714],[106.6978723,-6.251712],[106.6966453,-6.2516827],[106.6961224,-6.2516615],[106.695887,-6.2516359],[106.695902,-6.2515756],[106.6959637,-6.2510104],[106.6959729,-6.2507623],[106.6960764,-6.2503438],[106.6962441,-6.2499245],[106.6963489,-6.2496002],[106.6963692,-6.2495331],[106.6964512,-6.2492238],[106.696456,-6.249176],[106.69654,-6.2489837],[106.6965821,-6.2487707],[106.6967011,-6.2476953],[106.6968034,-6.2469646],[106.6968674,-6.2463545],[106.6969489,-6.2456898],[106.6970242,-6.2450108],[106.6971287,-6.2444874],[106.6961938,-6.2444907],[106.6955987,-6.2444424],[106.6950625,-6.2444236],[106.6943017,-6.244445],[106.6934857,-6.2443994],[106.6930506,-6.244304],[106.692809,-6.2441925],[106.692386,-6.2439695],[106.6920561,-6.2438303],[106.6917355,-6.2438025],[106.6913917,-6.2438398],[106.6910108,-6.2440212],[106.6906925,-6.2442427],[106.6906645,-6.2440946],[106.690511,-6.2427882],[106.6899156,-6.241961],[106.6897819,-6.2416114],[106.6896241,-6.2412644],[106.6893854,-6.2407136],[106.6892823,-6.2404928],[106.6892571,-6.2404248],[106.6891809,-6.2402516],[106.6892018,-6.2400852],[106.6892106,-6.2399131],[106.6891819,-6.2397764],[106.6891618,-6.2395677],[106.6891464,-6.2394552],[106.6891595,-6.2393472],[106.689197,-6.239217],[106.6892366,-6.2390295],[106.6892387,-6.2389501],[106.6892178,-6.2388491],[106.689199,-6.2388638],[106.6890823,-6.2389114],[106.6889698,-6.2388899],[106.6887969,-6.2388294],[106.6885597,-6.2387672],[106.6883738,-6.2387629],[106.6882916,-6.2387846],[106.6882095,-6.2389272],[106.6881274,-6.2391477],[106.6880324,-6.2392515],[106.6878335,-6.2393424],[106.6875049,-6.2394678],[106.6874104,-6.2394562],[106.6873473,-6.2394206],[106.6871891,-6.2392129],[106.6870377,-6.2389666],[106.6868871,-6.2387888],[106.6867971,-6.2387475],[106.6866926,-6.2387268],[106.6865803,-6.2386873],[106.6865448,-6.2386278],[106.6865788,-6.2385455],[106.6866716,-6.238434],[106.6868361,-6.2382922],[106.6869268,-6.2382311],[106.6869679,-6.238163],[106.6869848,-6.2380169],[106.6869947,-6.2378836],[106.6870768,-6.2378584],[106.687135,-6.2377945],[106.6871618,-6.2376938],[106.6871306,-6.2376201],[106.687037,-6.2375705],[106.6869383,-6.2375236],[106.6868186,-6.2375109],[106.6867958,-6.2374145],[106.6868906,-6.237329],[106.6870377,-6.2372426],[106.6871327,-6.237169],[106.6872726,-6.2369751],[106.6873834,-6.2369787],[106.6874656,-6.2370046],[106.6875565,-6.236983],[106.6880736,-6.236535],[106.6881373,-6.2364641],[106.6881742,-6.2363931],[106.6881657,-6.2362598],[106.688184,-6.2361491],[106.6882794,-6.2360884],[106.6884393,-6.2359198],[106.6884905,-6.2357765],[106.6885794,-6.2358225],[106.6886858,-6.2358073],[106.6887852,-6.235764],[106.6888197,-6.2356646],[106.6887894,-6.2355089],[106.6886121,-6.235362],[106.6885436,-6.2351644],[106.688576,-6.2351341],[106.6887883,-6.2352009],[106.6888008,-6.2351789],[106.6887764,-6.2350757],[106.6887198,-6.2349895],[106.688693,-6.2349032],[106.688684,-6.234811],[106.6886632,-6.2347693],[106.6886036,-6.234695],[106.6885513,-6.2346579],[106.6884655,-6.2346286],[106.6883547,-6.2346433],[106.6881842,-6.2346371],[106.6881716,-6.2345994],[106.6882249,-6.2344989],[106.6882688,-6.2344006],[106.6882509,-6.2342952],[106.6881934,-6.2342126],[106.6880322,-6.2341678],[106.6879695,-6.2340903],[106.6880594,-6.2340107],[106.6882662,-6.2339277],[106.6886336,-6.2337331],[106.6887633,-6.2335773],[106.6887891,-6.2333871],[106.6889015,-6.2332185],[106.6889534,-6.233132],[106.6891534,-6.2329815],[106.689277,-6.232891],[106.6893674,-6.2328379],[106.6894258,-6.2328325],[106.689605,-6.2327926],[106.6897785,-6.2327333],[106.6898369,-6.2327092],[106.6898932,-6.2327001],[106.689909,-6.2327015],[106.6899308,-6.2327144],[106.6899428,-6.2327384],[106.6899249,-6.2328],[106.6898353,-6.2329685],[106.6898104,-6.2330532],[106.6898176,-6.233151],[106.6898005,-6.2332428],[106.6897955,-6.2333361],[106.6898041,-6.2335627],[106.6898096,-6.2335811],[106.689819,-6.2335926],[106.6898544,-6.2335899],[106.6898879,-6.2335713],[106.6900366,-6.2333941],[106.6901367,-6.2333161],[106.6901526,-6.2332372],[106.6901599,-6.2331478],[106.6901781,-6.2331193],[106.6901972,-6.2331188],[106.6903008,-6.2331516],[106.6903452,-6.2331498],[106.6903904,-6.2331213],[106.6904276,-6.2330744],[106.6904479,-6.2330563],[106.6904739,-6.2330605],[106.6904918,-6.2330778],[106.6905312,-6.2331533],[106.6906034,-6.2333404],[106.6906435,-6.2333932],[106.6906546,-6.233413],[106.6906742,-6.233428],[106.6906981,-6.2334338],[106.6907185,-6.2334307],[106.6907381,-6.2334197],[106.6907502,-6.2334056],[106.690781,-6.2333525],[106.6908149,-6.2332839],[106.6908248,-6.2332604],[106.6908319,-6.2332053],[106.6908405,-6.2330946],[106.6908414,-6.2329836],[106.6908348,-6.2328728],[106.6908206,-6.2327627],[106.6908519,-6.2326896],[106.6909383,-6.2326094],[106.6910184,-6.2324539],[106.6910065,-6.232398],[106.6909796,-6.2323199],[106.6909856,-6.2322873],[106.6910077,-6.2322792],[106.6910331,-6.2322822],[106.6910948,-6.2323264],[106.6911342,-6.2323446],[106.6911758,-6.2323575],[106.6915317,-6.2324093],[106.6915609,-6.232407],[106.6915828,-6.2323972],[106.6916039,-6.2323769],[106.6916154,-6.2323528],[106.6916186,-6.2322996],[106.6916086,-6.2322538],[106.6915816,-6.2322094],[106.6915178,-6.2321264],[106.6915108,-6.2321036],[106.6915217,-6.2320681],[106.6915857,-6.2319661],[106.6915897,-6.2319272],[106.6915565,-6.2318906],[106.6915479,-6.2318525],[106.691539,-6.2318076],[106.6915321,-6.2317724],[106.6915283,-6.2317114],[106.6915556,-6.2316407],[106.6916008,-6.2315879],[106.6916385,-6.2315678],[106.6916394,-6.2315673],[106.6916617,-6.2315554],[106.6917214,-6.2315397],[106.6917991,-6.2315287],[106.6918631,-6.2315363],[106.6918644,-6.2315364],[106.6919259,-6.2315618],[106.6919961,-6.2315842],[106.6919971,-6.2315845],[106.6920814,-6.2316055],[106.6921166,-6.2316173],[106.6921559,-6.2316304],[106.6921664,-6.231634],[106.6922597,-6.2316432],[106.6923553,-6.2316453],[106.6924115,-6.2316368],[106.6924748,-6.2316186],[106.6925118,-6.231603],[106.6925362,-6.231589],[106.6925476,-6.2315825],[106.6925735,-6.2315453],[106.6925742,-6.2315444],[106.6926499,-6.2314338],[106.6926758,-6.2313945],[106.6926798,-6.2313885],[106.6927246,-6.2313204],[106.6927383,-6.2313024],[106.6927551,-6.2312802],[106.692771,-6.2312593],[106.6928123,-6.2312223],[106.6928548,-6.2312088],[106.6928983,-6.2312086],[106.6929278,-6.2312191],[106.6929532,-6.231228],[106.6929738,-6.231235],[106.6929896,-6.2312403],[106.6930055,-6.2312456],[106.6930487,-6.2312619],[106.6930524,-6.2312633],[106.6931132,-6.2312862],[106.693193,-6.2313433],[106.6932932,-6.2313944],[106.6933081,-6.2314005],[106.6933185,-6.2314033],[106.6934184,-6.2314301],[106.6934201,-6.2314295],[106.6935496,-6.2313838],[106.6935523,-6.2313312],[106.6935529,-6.2312982],[106.6935535,-6.2311692],[106.6935399,-6.2310334],[106.6935637,-6.2309179],[106.6936179,-6.2308602],[106.6937266,-6.2307752],[106.6938624,-6.2306869],[106.6941498,-6.230531],[106.694331,-6.2303546],[106.6943441,-6.2303165],[106.6943623,-6.2302271],[106.6943491,-6.2301688],[106.694296,-6.2301355],[106.6942773,-6.2301197],[106.6942006,-6.230106],[106.6940362,-6.2301199],[106.6938594,-6.230212],[106.6937318,-6.2302972],[106.6936141,-6.2303511],[106.6935177,-6.2303524],[106.6934264,-6.2303199],[106.6933149,-6.2302561],[106.6932598,-6.2301884],[106.6932072,-6.2300745],[106.69317,-6.2299594],[106.6932492,-6.229773],[106.6934237,-6.2297128],[106.6930651,-6.2295447],[106.69173,-6.2298122],[106.6911667,-6.2299086],[106.6902391,-6.2300152],[106.6899066,-6.2300641],[106.6898178,-6.2301077],[106.6897776,-6.2301597],[106.6896459,-6.2302743],[106.6894395,-6.2304092],[106.6893337,-6.2305084],[106.6890881,-6.2307812],[106.6889958,-6.2308534],[106.6889124,-6.2308985],[106.6887553,-6.2309347],[106.6886088,-6.2309122],[106.6878357,-6.2308111],[106.6873985,-6.2307752],[106.6870475,-6.2307259],[106.6866102,-6.2306427],[106.6862843,-6.2305866],[106.6861356,-6.2305798],[106.6859441,-6.2306295],[106.6853874,-6.2308078],[106.6852593,-6.230837],[106.6850882,-6.2308559],[106.6849296,-6.2308607],[106.6846611,-6.2307995],[106.68434,-6.2306927],[106.6840275,-6.2305782],[106.6837189,-6.2304508],[106.6835332,-6.230346],[106.6833808,-6.2302198],[106.6832605,-6.2300865],[106.68313,-6.2299124],[106.6830016,-6.2297034],[106.6829403,-6.2295543],[106.6829058,-6.2294049],[106.6828644,-6.2292945],[106.6827012,-6.2291522],[106.6823611,-6.2289911],[106.6821068,-6.2295623],[106.6819747,-6.2298953],[106.6818176,-6.2303836],[106.6817888,-6.2304847],[106.6817827,-6.2305734],[106.6817684,-6.231019],[106.6816265,-6.23102],[106.6813954,-6.2308916],[106.6811769,-6.2307842],[106.6810568,-6.230752],[106.6808221,-6.2307396],[106.6804034,-6.2307508],[106.6799529,-6.2307131],[106.6797194,-6.2306736],[106.6794253,-6.2306111],[106.6792047,-6.2305733],[106.6790447,-6.2305338],[106.678814,-6.2305273],[106.6787448,-6.2306031],[106.6786795,-6.2308006],[106.6783471,-6.2308196],[106.6781973,-6.230785],[106.6781455,-6.230762],[106.6781108,-6.2307257],[106.6780821,-6.2306841],[106.6778794,-6.2306695],[106.6777522,-6.2306794],[106.677549,-6.2307108],[106.6774106,-6.2307587],[106.6772464,-6.2308485],[106.6771037,-6.2309091],[106.6769048,-6.2309308],[106.6765436,-6.2309453],[106.6762803,-6.2309494],[106.6762224,-6.2309851],[106.6759795,-6.2309699],[106.6754032,-6.230947],[106.6751673,-6.2309265],[106.675002,-6.2309447],[106.6747129,-6.2307921],[106.6743492,-6.2307717],[106.6739823,-6.2307657],[106.6737358,-6.2308392],[106.6730699,-6.2309833],[106.6729834,-6.2309979],[106.6729316,-6.2309634],[106.6728883,-6.2309149],[106.6728277,-6.2308967],[106.6727542,-6.2309434],[106.6726678,-6.2310319],[106.672577,-6.2310803],[106.6725078,-6.2310673],[106.6723175,-6.2310155],[106.6722397,-6.2309895],[106.67211,-6.2310026],[106.6720191,-6.2310199],[106.6718506,-6.2311064],[106.671803,-6.2311423],[106.6717208,-6.2311713],[106.6717039,-6.2311713],[106.6716243,-6.2311445],[106.6715536,-6.2311459],[106.6713334,-6.2311892],[106.6708516,-6.2312944],[106.6706866,-6.2313573],[106.6704717,-6.2314138],[106.6702709,-6.2314564],[106.6701819,-6.2314616],[106.669823,-6.2314532],[106.6698056,-6.2314272],[106.6696587,-6.2314446],[106.6696301,-6.2314566],[106.669356,-6.2314741],[106.6692565,-6.2314649],[106.6692228,-6.2314568],[106.6692089,-6.2314404],[106.6689451,-6.2314102],[106.668868,-6.2315144],[106.6684116,-6.2313373],[106.6679961,-6.2313298],[106.6678454,-6.2312907],[106.6677062,-6.2312412],[106.6675316,-6.2311602],[106.6674835,-6.2311544],[106.6672932,-6.231164],[106.6670396,-6.2312256],[106.6668851,-6.231273],[106.6667517,-6.2312713],[106.6665656,-6.23131],[106.6664551,-6.2313065],[106.6663884,-6.2312907],[106.66623,-6.231229],[106.6661064,-6.2311943],[106.6657237,-6.2310697],[106.6653603,-6.2309364],[106.6653131,-6.230957],[106.6652613,-6.231078],[106.6652095,-6.2311602],[106.6651486,-6.231198],[106.6650767,-6.2311998],[106.6647121,-6.231169],[106.6644916,-6.2311172],[106.6643446,-6.2311561],[106.6642797,-6.2311865],[106.6641431,-6.2311722],[106.6638387,-6.2311001],[106.6637608,-6.2310698],[106.6636235,-6.2310232],[106.663455,-6.2310197],[106.6627867,-6.2309217],[106.6627412,-6.2309366],[106.6626669,-6.2313395],[106.6626592,-6.2314468],[106.6625685,-6.231784],[106.6625037,-6.2318792],[106.6621015,-6.2317625],[106.6621015,-6.2316848],[106.6620193,-6.2316804],[106.6616474,-6.2315812],[106.6610462,-6.2313998],[106.6609295,-6.2313782],[106.6608301,-6.2313739],[106.6607263,-6.2313956],[106.6606571,-6.2314043],[106.6605533,-6.2313394],[106.660363,-6.23124],[106.66019,-6.2311191],[106.660004,-6.2310198],[106.6598353,-6.2309593],[106.6597792,-6.2311019],[106.6597014,-6.2313181],[106.6596237,-6.2316164],[106.6592265,-6.2315206],[106.6591443,-6.2314688],[106.6588416,-6.2313702],[106.6585016,-6.2312406],[106.6583961,-6.2312572],[106.6580416,-6.2313395],[106.6578946,-6.2313351],[106.6577734,-6.2313222],[106.6577216,-6.2312488],[106.6577042,-6.231132],[106.657661,-6.2310542],[106.6576264,-6.231024],[106.6575658,-6.231024],[106.657488,-6.2310413],[106.6574188,-6.231037],[106.6574231,-6.2309981],[106.6574447,-6.230916],[106.6571693,-6.2309278],[106.6570915,-6.2309235],[106.6570699,-6.2308889],[106.6570698,-6.2308457],[106.6570525,-6.2308197],[106.6569747,-6.2308155],[106.6568796,-6.2308155],[106.656832,-6.2307896],[106.6568147,-6.2307507],[106.6567153,-6.2307377],[106.6566677,-6.2307464],[106.656646,-6.230781],[106.6566028,-6.2307854],[106.6563088,-6.2307508],[106.6562698,-6.2307033],[106.6562568,-6.2306471],[106.6557769,-6.2305867],[106.6554828,-6.230522],[106.6552425,-6.2305387],[106.6549479,-6.2305388],[106.6549402,-6.2303311],[106.6549378,-6.2301372],[106.6551157,-6.2295883],[106.6548036,-6.2294804],[106.6545873,-6.2293853],[106.6545052,-6.2295237],[106.6543712,-6.2295496],[106.6542544,-6.2296362],[106.6541291,-6.2297572],[106.6541031,-6.2298004],[106.654034,-6.2297919],[106.6539388,-6.2297746],[106.6538566,-6.2298135],[106.6537679,-6.2298762],[106.6537146,-6.2299007],[106.6536673,-6.2298985],[106.6535807,-6.2298164],[106.6534899,-6.2297861],[106.6533905,-6.2297861],[106.6532776,-6.2297806],[106.6530764,-6.229786],[106.6525991,-6.2298599],[106.6525083,-6.2298988],[106.6524059,-6.2299596],[106.6522489,-6.2300113],[106.651832,-6.2300232],[106.6517516,-6.2299207],[106.651704,-6.229804],[106.6516529,-6.229751],[106.6515699,-6.2297003],[106.6514399,-6.2296817],[106.6513092,-6.2296535],[106.6513515,-6.2294576],[106.6513515,-6.2294116],[106.6513144,-6.2293939],[106.6512351,-6.2293834],[106.6510815,-6.2293799],[106.6507112,-6.2293344],[106.6506385,-6.2293383],[106.650587,-6.2293803],[106.650608,-6.2295047],[106.6506099,-6.22965],[106.6505813,-6.2297017],[106.650499,-6.2297055],[106.6503729,-6.2297036],[106.6496296,-6.2296614],[106.6491107,-6.2295788],[106.6484451,-6.2295336],[106.6481553,-6.2295397],[106.6480115,-6.2295283],[106.6475834,-6.2294633],[106.6466888,-6.229379],[106.6460209,-6.2293711],[106.6459456,-6.2292898],[106.6458712,-6.2291457],[106.6457522,-6.2289729],[106.6457068,-6.2289594],[106.6456279,-6.228987],[106.6455088,-6.2290407],[106.6448401,-6.2294271],[106.6445922,-6.2295242],[106.6442272,-6.2297346],[106.6438737,-6.2299305],[106.6434731,-6.2301443],[106.6431618,-6.2300965],[106.6429542,-6.2300576],[106.6427812,-6.229941],[106.6426732,-6.2298297],[106.6424913,-6.2297516],[106.6423263,-6.2297282],[106.6419475,-6.2297532],[106.6414497,-6.2297766],[106.6412439,-6.2297752],[106.6411361,-6.2297487],[106.6409528,-6.2298733],[106.6410341,-6.2299994],[106.6402432,-6.2302713],[106.6400738,-6.2303078],[106.6399305,-6.2303026],[106.6395906,-6.2303524],[106.6392116,-6.2304441],[106.6388139,-6.2304132],[106.6389427,-6.2306268],[106.6391774,-6.2309585],[106.6393682,-6.2313861],[106.6387073,-6.2326931],[106.6378631,-6.2340242],[106.636634,-6.2364821],[106.6366233,-6.2369513]]]]},"properties":{"admin_level":"5","alt_name":"South Tangerang City","boundary":"administrative","name":"Tangerang Selatan","name:en":"South Tangerang","name:id":"Tangerang Selatan","name:ja":"南タンゲラン","name:zh":"南丹格朗","official_name":"Kota Tangeran Selatan","official_name:en":"City of South Tangerang","place":"city","population":"1290322","population:date":"2010","short_name":"Tangsel","source:population":"Sensus Penduduk Indonesia","start_date":"2008-11-26","wikidata":"Q10128","wikipedia":"id:Kota Tangerang Selatan","gathraCode":"TANGERANG_SELATAN","osmRelationId":7641582}},{"type":"Feature","geometry":{"type":"MultiPolygon","coordinates":[[[[106.551454,-6.190044],[106.5514719,-6.1901394],[106.5519023,-6.1901812],[106.552218,-6.1902018],[106.552591,-6.1902438],[106.5529067,-6.1902716],[106.5535452,-6.1903487],[106.5538035,-6.1903694],[106.5539841,-6.1903442],[106.5540665,-6.1903763],[106.5539807,-6.1911091],[106.5539455,-6.1913225],[106.5538317,-6.1920979],[106.553396,-6.1949199],[106.553354,-6.1953078],[106.5533207,-6.1956814],[106.5532991,-6.1962123],[106.5532449,-6.1966024],[106.5532233,-6.1968408],[106.55331,-6.1969925],[106.5533425,-6.1970683],[106.5534467,-6.1971919],[106.5536046,-6.1972002],[106.5536836,-6.1971545],[106.5537959,-6.1971544],[106.5538832,-6.1973124],[106.5538654,-6.1974456],[106.5539121,-6.1975401],[106.5539123,-6.1976118],[106.5538945,-6.1976567],[106.5538171,-6.1978066],[106.5538126,-6.1978402],[106.5537627,-6.1979607],[106.5536712,-6.1980646],[106.5534634,-6.1981644],[106.5533304,-6.1981852],[106.5528116,-6.1982999],[106.5526895,-6.1984558],[106.5526569,-6.1985486],[106.552684,-6.1986293],[106.5527652,-6.1986839],[106.5528482,-6.1987878],[106.5528732,-6.1989001],[106.5528516,-6.1990742],[106.5527983,-6.1991897],[106.5527326,-6.1992603],[106.5526697,-6.1993409],[106.55258,-6.1993967],[106.5525514,-6.1994255],[106.5525553,-6.1994484],[106.5526146,-6.1994902],[106.5529099,-6.1993775],[106.5530512,-6.1993526],[106.5532507,-6.1993442],[106.553417,-6.1993567],[106.553654,-6.199419],[106.553812,-6.1994564],[106.5539948,-6.1994813],[106.5540818,-6.1994596],[106.5542153,-6.199416],[106.5545339,-6.199528],[106.5545578,-6.199532],[106.5551252,-6.1997213],[106.5554656,-6.1998295],[106.5557883,-6.1999499],[106.5566384,-6.2002364],[106.5574572,-6.2005496],[106.5577761,-6.2006844],[106.5579345,-6.2007428],[106.5580117,-6.2008145],[106.5580669,-6.2009636],[106.5580725,-6.2011237],[106.5580533,-6.2012714],[106.558045,-6.2013763],[106.5580643,-6.2014564],[106.5583403,-6.2015999],[106.5587341,-6.2017585],[106.5591359,-6.2019151],[106.559944,-6.2022228],[106.5604005,-6.202416],[106.5606853,-6.2025858],[106.5608607,-6.2027037],[106.5613022,-6.2029786],[106.5620902,-6.2035166],[106.5624796,-6.20373],[106.5631058,-6.2040607],[106.5632529,-6.2041318],[106.5636746,-6.2043506],[106.5638497,-6.204419],[106.5640679,-6.2044522],[106.5643137,-6.2044217],[106.5646561,-6.2043609],[106.564935,-6.2043581],[106.5651338,-6.2043885],[106.5653106,-6.2044354],[106.5657058,-6.2045894],[106.5658417,-6.204706],[106.5660677,-6.2048422],[106.5662188,-6.2049096],[106.5664623,-6.2050085],[106.5666828,-6.205026],[106.5670309,-6.2051219],[106.5675067,-6.2053513],[106.5676719,-6.2054638],[106.5678254,-6.2055477],[106.5680261,-6.2057284],[106.5682201,-6.2058606],[106.5684069,-6.2059713],[106.5684933,-6.2060608],[106.5686657,-6.2061464],[106.5687805,-6.206164],[106.5688415,-6.2061674],[106.5690344,-6.2062087],[106.569084,-6.206268],[106.5668322,-6.2080479],[106.5665484,-6.2083775],[106.5662988,-6.2087206],[106.5651735,-6.2106979],[106.5648705,-6.211223],[106.5650197,-6.2112854],[106.5651631,-6.2113341],[106.5653696,-6.2114182],[106.5658253,-6.2115837],[106.5661427,-6.2116841],[106.5663802,-6.2117671],[106.566771,-6.212071],[106.5668646,-6.2121564],[106.5670945,-6.2118331],[106.5684461,-6.2120744],[106.5686494,-6.2121037],[106.5690386,-6.2123478],[106.5694695,-6.2125319],[106.5698762,-6.2126085],[106.5699539,-6.2126022],[106.5706296,-6.2127019],[106.5706763,-6.2123369],[106.5708871,-6.212302],[106.5709314,-6.2121141],[106.5715302,-6.21211],[106.571388,-6.2133011],[106.5713253,-6.2135764],[106.5712789,-6.2138562],[106.5712492,-6.2140666],[106.5733431,-6.2143233],[106.5733411,-6.2143949],[106.5733282,-6.2145621],[106.5732825,-6.2149154],[106.5732173,-6.2155593],[106.5770043,-6.2159525],[106.5801383,-6.2162329],[106.5802381,-6.2162382],[106.580325,-6.216339],[106.580653,-6.217667],[106.580761,-6.217996],[106.580997,-6.218312],[106.5822966,-6.219482],[106.5828905,-6.2206251],[106.582918,-6.220678],[106.5833164,-6.2208031],[106.5843938,-6.2210534],[106.584568,-6.2212095],[106.5848335,-6.221378],[106.5850819,-6.2214056],[106.5857929,-6.2213418],[106.5863664,-6.2214273],[106.5873044,-6.2214887],[106.5880101,-6.2215721],[106.588039,-6.222233],[106.58806,-6.222394],[106.588122,-6.222506],[106.589006,-6.222626],[106.589087,-6.222557],[106.589178,-6.222275],[106.589256,-6.221931],[106.589345,-6.22173],[106.58968,-6.221522],[106.589681,-6.221428],[106.59043,-6.22147],[106.590555,-6.22146],[106.591297,-6.220639],[106.59212,-6.220181],[106.592368,-6.21999],[106.592629,-6.21966],[106.5929159,-6.2191382],[106.592993,-6.218998],[106.593216,-6.218489],[106.593263,-6.218457],[106.5933644,-6.2184997],[106.5933886,-6.2184615],[106.5933793,-6.2184421],[106.5934205,-6.2183331],[106.5936132,-6.2181085],[106.5936836,-6.2178523],[106.5937519,-6.2174288],[106.5938295,-6.2171102],[106.5941191,-6.2162989],[106.594821,-6.2145428],[106.5947977,-6.2144367],[106.5947184,-6.2143077],[106.5944997,-6.2141002],[106.5944478,-6.2139956],[106.5943113,-6.2139213],[106.5941921,-6.2139009],[106.5940036,-6.2138311],[106.5938103,-6.2137376],[106.5937614,-6.2136765],[106.5937489,-6.2133814],[106.5938361,-6.2131029],[106.5945057,-6.2114471],[106.5945784,-6.2113257],[106.5947231,-6.2108837],[106.5948136,-6.210306],[106.5948203,-6.2100106],[106.5946179,-6.2094081],[106.594554,-6.2089935],[106.5945438,-6.2086688],[106.5945594,-6.2085799],[106.5945519,-6.2082961],[106.5946396,-6.2080542],[106.5947875,-6.2079222],[106.5950597,-6.2077993],[106.5951432,-6.2077536],[106.5954055,-6.2075184],[106.5955881,-6.207369],[106.5956082,-6.2073288],[106.5956129,-6.2069868],[106.595609,-6.2065666],[106.5956227,-6.206142],[106.5956375,-6.2059773],[106.5957017,-6.2058794],[106.5956914,-6.2058459],[106.5961678,-6.2058606],[106.596161,-6.2062029],[106.5961803,-6.2064688],[106.5963099,-6.2067923],[106.5964824,-6.207098],[106.596578,-6.2072156],[106.5967996,-6.2074322],[106.5969794,-6.2075847],[106.5970291,-6.2076087],[106.5971719,-6.2074638],[106.5972857,-6.2073952],[106.5973885,-6.207365],[106.5977873,-6.2073608],[106.5983127,-6.2073723],[106.5992523,-6.2073842],[106.5993601,-6.2073825],[106.5997969,-6.2071298],[106.6000019,-6.2071935],[106.6001624,-6.2070211],[106.6002384,-6.2068855],[106.6003479,-6.2066903],[106.6004333,-6.2064891],[106.6006121,-6.2063019],[106.6006471,-6.2060147],[106.6007546,-6.206],[106.6008261,-6.2059137],[106.6008472,-6.2057772],[106.6008469,-6.2056839],[106.6008896,-6.205569],[106.6009469,-6.2055401],[106.6012274,-6.2055754],[106.6016723,-6.2058968],[106.601924,-6.206097],[106.6023048,-6.2063183],[106.6027072,-6.2065683],[106.6028438,-6.2066971],[106.6030067,-6.2067684],[106.603319,-6.207008],[106.6030915,-6.2072776],[106.6031207,-6.2073113],[106.603402,-6.2074978],[106.60392,-6.2078508],[106.6047707,-6.2084015],[106.6043259,-6.2090458],[106.603916,-6.2096626],[106.6032661,-6.2106647],[106.6030906,-6.2112233],[106.6030328,-6.211397],[106.6024199,-6.2133942],[106.6039829,-6.2138627],[106.605106,-6.213892],[106.6053317,-6.2138905],[106.605353,-6.2145541],[106.6057823,-6.2145599],[106.6057618,-6.2147415],[106.6063599,-6.2147753],[106.6065472,-6.2147732],[106.6066749,-6.2147672],[106.6069017,-6.214833],[106.6069735,-6.214839],[106.6075436,-6.2148129],[106.6093059,-6.2148046],[106.6105208,-6.2149073],[106.6106355,-6.2149604],[106.6107908,-6.2150431],[106.6110543,-6.2152086],[106.6114377,-6.2154319],[106.6125341,-6.2159039],[106.6119506,-6.2166439],[106.6113675,-6.217507],[106.6107128,-6.2184421],[106.6101534,-6.2192334],[106.6097365,-6.2197251],[106.609287,-6.220128],[106.609284,-6.2203007],[106.6096798,-6.2202968],[106.6138486,-6.2202555],[106.613708,-6.2206341],[106.6136999,-6.2219022],[106.6137533,-6.2237324],[106.6130261,-6.2243806],[106.6124778,-6.2248967],[106.6118694,-6.2253172],[106.6116311,-6.2255572],[106.6113687,-6.2257494],[106.6112139,-6.2259652],[106.6111788,-6.2261926],[106.6111794,-6.226396],[106.611236,-6.2266341],[106.611353,-6.2267691],[106.6114742,-6.226998],[106.6116336,-6.2271537],[106.6118635,-6.2272622],[106.6121398,-6.2273211],[106.6125968,-6.2273269],[106.6128278,-6.227304],[106.6128724,-6.227294],[106.6129101,-6.2272792],[106.6132985,-6.2271518],[106.6138723,-6.2269228],[106.6140489,-6.2267102],[106.6140822,-6.2265656],[106.6141652,-6.226268],[106.6142823,-6.2261478],[106.6146623,-6.2259087],[106.614952,-6.22569],[106.6155275,-6.2253658],[106.6160889,-6.2252206],[106.6166508,-6.2252308],[106.6171768,-6.2252292],[106.6174721,-6.2252518],[106.6180517,-6.2251882],[106.6181865,-6.2254845],[106.6182157,-6.2256663],[106.6182544,-6.2257905],[106.6183313,-6.2259147],[106.6183794,-6.2260103],[106.6184181,-6.2261537],[106.6184378,-6.2263451],[106.6185436,-6.2265457],[106.6186206,-6.2267082],[106.6186417,-6.2269144],[106.6187758,-6.2268821],[106.6193647,-6.2267915],[106.61977,-6.2266688],[106.6201125,-6.2266514],[106.6201523,-6.226832],[106.6204006,-6.2268181],[106.6210174,-6.2268198],[106.621283,-6.2268764],[106.6217139,-6.2270438],[106.621976,-6.2271506],[106.622213,-6.2272619],[106.622499,-6.227257],[106.6230499,-6.2273311],[106.6238755,-6.2273323],[106.6243243,-6.2273396],[106.6246586,-6.2273001],[106.6250536,-6.2272834],[106.6261921,-6.2272473],[106.6263256,-6.2272664],[106.6264254,-6.2273121],[106.6264699,-6.2273195],[106.6270075,-6.2275353],[106.6273366,-6.2276719],[106.6276656,-6.2277665],[106.6277855,-6.2278559],[106.628717,-6.227493],[106.6287913,-6.2274125],[106.628923,-6.227439],[106.629009,-6.227403],[106.629151,-6.227083],[106.6293413,-6.2267732],[106.6293795,-6.2265854],[106.629268,-6.22631],[106.629446,-6.2261968],[106.629877,-6.2265],[106.629954,-6.226536],[106.630043,-6.226525],[106.6301119,-6.2263918],[106.630174,-6.226128],[106.6304259,-6.2254663],[106.6307986,-6.2257663],[106.6313819,-6.2261525],[106.631707,-6.2263009],[106.6330079,-6.2269461],[106.6364196,-6.2284943],[106.6371953,-6.2290233],[106.6388139,-6.2304132],[106.6392116,-6.2304441],[106.6395906,-6.2303524],[106.6399305,-6.2303026],[106.6400738,-6.2303078],[106.6402432,-6.2302713],[106.6410341,-6.2299994],[106.6409528,-6.2298733],[106.6411361,-6.2297487],[106.6412439,-6.2297752],[106.6414497,-6.2297766],[106.6419475,-6.2297532],[106.6423263,-6.2297282],[106.6424913,-6.2297516],[106.6426732,-6.2298297],[106.6427812,-6.229941],[106.6429542,-6.2300576],[106.6431618,-6.2300965],[106.6434731,-6.2301443],[106.6438737,-6.2299305],[106.6442272,-6.2297346],[106.6445922,-6.2295242],[106.6448401,-6.2294271],[106.6455088,-6.2290407],[106.6456279,-6.228987],[106.6457068,-6.2289594],[106.6457522,-6.2289729],[106.6458712,-6.2291457],[106.6459456,-6.2292898],[106.6460209,-6.2293711],[106.6466888,-6.229379],[106.6475834,-6.2294633],[106.6480115,-6.2295283],[106.6481553,-6.2295397],[106.6484451,-6.2295336],[106.6491107,-6.2295788],[106.6496296,-6.2296614],[106.6503729,-6.2297036],[106.650499,-6.2297055],[106.6505813,-6.2297017],[106.6506099,-6.22965],[106.650608,-6.2295047],[106.650587,-6.2293803],[106.6506385,-6.2293383],[106.6507112,-6.2293344],[106.6510815,-6.2293799],[106.6512351,-6.2293834],[106.6513144,-6.2293939],[106.6513515,-6.2294116],[106.6513515,-6.2294576],[106.6513092,-6.2296535],[106.6514399,-6.2296817],[106.6515699,-6.2297003],[106.6516529,-6.229751],[106.651704,-6.229804],[106.6517516,-6.2299207],[106.651832,-6.2300232],[106.6522489,-6.2300113],[106.6524059,-6.2299596],[106.6525083,-6.2298988],[106.6525991,-6.2298599],[106.6530764,-6.229786],[106.6532776,-6.2297806],[106.6533905,-6.2297861],[106.6534899,-6.2297861],[106.6535807,-6.2298164],[106.6536673,-6.2298985],[106.6537146,-6.2299007],[106.6537679,-6.2298762],[106.6538566,-6.2298135],[106.6539388,-6.2297746],[106.654034,-6.2297919],[106.6541031,-6.2298004],[106.6541291,-6.2297572],[106.6542544,-6.2296362],[106.6543712,-6.2295496],[106.6545052,-6.2295237],[106.6545873,-6.2293853],[106.6548036,-6.2294804],[106.6551157,-6.2295883],[106.6549378,-6.2301372],[106.6549402,-6.2303311],[106.6549479,-6.2305388],[106.6552425,-6.2305387],[106.6554828,-6.230522],[106.6557769,-6.2305867],[106.6562568,-6.2306471],[106.6562698,-6.2307033],[106.6563088,-6.2307508],[106.6566028,-6.2307854],[106.656646,-6.230781],[106.6566677,-6.2307464],[106.6567153,-6.2307377],[106.6568147,-6.2307507],[106.656832,-6.2307896],[106.6568796,-6.2308155],[106.6569747,-6.2308155],[106.6570525,-6.2308197],[106.6570698,-6.2308457],[106.6570699,-6.2308889],[106.6570915,-6.2309235],[106.6571693,-6.2309278],[106.6574447,-6.230916],[106.6574231,-6.2309981],[106.6574188,-6.231037],[106.657488,-6.2310413],[106.6575658,-6.231024],[106.6576264,-6.231024],[106.657661,-6.2310542],[106.6577042,-6.231132],[106.6577216,-6.2312488],[106.6577734,-6.2313222],[106.6578946,-6.2313351],[106.6580416,-6.2313395],[106.6583961,-6.2312572],[106.6585016,-6.2312406],[106.6588416,-6.2313702],[106.6591443,-6.2314688],[106.6592265,-6.2315206],[106.6596237,-6.2316164],[106.6597014,-6.2313181],[106.6597792,-6.2311019],[106.6598353,-6.2309593],[106.660004,-6.2310198],[106.66019,-6.2311191],[106.660363,-6.23124],[106.6605533,-6.2313394],[106.6606571,-6.2314043],[106.6607263,-6.2313956],[106.6608301,-6.2313739],[106.6609295,-6.2313782],[106.6610462,-6.2313998],[106.6616474,-6.2315812],[106.6620193,-6.2316804],[106.6621015,-6.2316848],[106.6621015,-6.2317625],[106.6625037,-6.2318792],[106.6625685,-6.231784],[106.6626592,-6.2314468],[106.6626669,-6.2313395],[106.6627412,-6.2309366],[106.6627867,-6.2309217],[106.663455,-6.2310197],[106.6636235,-6.2310232],[106.6637608,-6.2310698],[106.6638387,-6.2311001],[106.6641431,-6.2311722],[106.6642797,-6.2311865],[106.6643446,-6.2311561],[106.6644916,-6.2311172],[106.6647121,-6.231169],[106.6650767,-6.2311998],[106.6651486,-6.231198],[106.6652095,-6.2311602],[106.6652613,-6.231078],[106.6653131,-6.230957],[106.6653603,-6.2309364],[106.6657237,-6.2310697],[106.6661064,-6.2311943],[106.66623,-6.231229],[106.6663884,-6.2312907],[106.6664551,-6.2313065],[106.6665656,-6.23131],[106.6667517,-6.2312713],[106.6668851,-6.231273],[106.6670396,-6.2312256],[106.6672932,-6.231164],[106.6674835,-6.2311544],[106.6675316,-6.2311602],[106.6677062,-6.2312412],[106.6678454,-6.2312907],[106.6679961,-6.2313298],[106.6684116,-6.2313373],[106.668868,-6.2315144],[106.6689451,-6.2314102],[106.6692089,-6.2314404],[106.6692228,-6.2314568],[106.6692565,-6.2314649],[106.669356,-6.2314741],[106.6696301,-6.2314566],[106.6696587,-6.2314446],[106.6698056,-6.2314272],[106.669823,-6.2314532],[106.6701819,-6.2314616],[106.6702709,-6.2314564],[106.6704717,-6.2314138],[106.6706866,-6.2313573],[106.6708516,-6.2312944],[106.6713334,-6.2311892],[106.6715536,-6.2311459],[106.6716243,-6.2311445],[106.6717039,-6.2311713],[106.6717208,-6.2311713],[106.671803,-6.2311423],[106.6718506,-6.2311064],[106.6720191,-6.2310199],[106.67211,-6.2310026],[106.6722397,-6.2309895],[106.6723175,-6.2310155],[106.6725078,-6.2310673],[106.672577,-6.2310803],[106.6726678,-6.2310319],[106.6727542,-6.2309434],[106.6728277,-6.2308967],[106.6728883,-6.2309149],[106.6729316,-6.2309634],[106.6729834,-6.2309979],[106.6730699,-6.2309833],[106.6737358,-6.2308392],[106.6739823,-6.2307657],[106.6743492,-6.2307717],[106.6747129,-6.2307921],[106.675002,-6.2309447],[106.6751673,-6.2309265],[106.6754032,-6.230947],[106.6759795,-6.2309699],[106.6762224,-6.2309851],[106.6762803,-6.2309494],[106.6765436,-6.2309453],[106.6769048,-6.2309308],[106.6771037,-6.2309091],[106.6772464,-6.2308485],[106.6774106,-6.2307587],[106.677549,-6.2307108],[106.6777522,-6.2306794],[106.6778794,-6.2306695],[106.6780821,-6.2306841],[106.6781108,-6.2307257],[106.6781455,-6.230762],[106.6781973,-6.230785],[106.6783471,-6.2308196],[106.6786795,-6.2308006],[106.6787448,-6.2306031],[106.678814,-6.2305273],[106.6790447,-6.2305338],[106.6792047,-6.2305733],[106.6794253,-6.2306111],[106.6797194,-6.2306736],[106.6799529,-6.2307131],[106.6804034,-6.2307508],[106.6808221,-6.2307396],[106.6810568,-6.230752],[106.6811769,-6.2307842],[106.6813954,-6.2308916],[106.6816265,-6.23102],[106.6817684,-6.231019],[106.6817827,-6.2305734],[106.6817888,-6.2304847],[106.6818176,-6.2303836],[106.6819747,-6.2298953],[106.6821068,-6.2295623],[106.6823611,-6.2289911],[106.6827012,-6.2291522],[106.6828644,-6.2292945],[106.6829058,-6.2294049],[106.6829403,-6.2295543],[106.6830016,-6.2297034],[106.68313,-6.2299124],[106.6832605,-6.2300865],[106.6833808,-6.2302198],[106.6835332,-6.230346],[106.6837189,-6.2304508],[106.6840275,-6.2305782],[106.68434,-6.2306927],[106.6846611,-6.2307995],[106.6849296,-6.2308607],[106.6850882,-6.2308559],[106.6852593,-6.230837],[106.6853874,-6.2308078],[106.6859441,-6.2306295],[106.6861356,-6.2305798],[106.6862843,-6.2305866],[106.6866102,-6.2306427],[106.6870475,-6.2307259],[106.6873985,-6.2307752],[106.6878357,-6.2308111],[106.6886088,-6.2309122],[106.6887553,-6.2309347],[106.6889124,-6.2308985],[106.6889958,-6.2308534],[106.6890881,-6.2307812],[106.6893337,-6.2305084],[106.6894395,-6.2304092],[106.6896459,-6.2302743],[106.6897776,-6.2301597],[106.6898178,-6.2301077],[106.6899066,-6.2300641],[106.6902391,-6.2300152],[106.6911667,-6.2299086],[106.69173,-6.2298122],[106.6930651,-6.2295447],[106.6934237,-6.2297128],[106.6932492,-6.229773],[106.69317,-6.2299594],[106.6932072,-6.2300745],[106.6932598,-6.2301884],[106.6933149,-6.2302561],[106.6934264,-6.2303199],[106.6935177,-6.2303524],[106.6936141,-6.2303511],[106.6937318,-6.2302972],[106.6938594,-6.230212],[106.6940362,-6.2301199],[106.6942006,-6.230106],[106.6942773,-6.2301197],[106.694296,-6.2301355],[106.6943491,-6.2301688],[106.6943623,-6.2302271],[106.6943441,-6.2303165],[106.694331,-6.2303546],[106.6941498,-6.230531],[106.6938624,-6.2306869],[106.6937266,-6.2307752],[106.6936179,-6.2308602],[106.6935637,-6.2309179],[106.6935399,-6.2310334],[106.6935535,-6.2311692],[106.6935529,-6.2312982],[106.6935523,-6.2313312],[106.6935496,-6.2313838],[106.6934201,-6.2314295],[106.6934184,-6.2314301],[106.6933185,-6.2314033],[106.6933081,-6.2314005],[106.6932932,-6.2313944],[106.693193,-6.2313433],[106.6931132,-6.2312862],[106.6930524,-6.2312633],[106.6930487,-6.2312619],[106.6930055,-6.2312456],[106.6929896,-6.2312403],[106.6929738,-6.231235],[106.6929532,-6.231228],[106.6929278,-6.2312191],[106.6928983,-6.2312086],[106.6928548,-6.2312088],[106.6928123,-6.2312223],[106.692771,-6.2312593],[106.6927551,-6.2312802],[106.6927383,-6.2313024],[106.6927246,-6.2313204],[106.6926798,-6.2313885],[106.6926758,-6.2313945],[106.6926499,-6.2314338],[106.6925742,-6.2315444],[106.6925735,-6.2315453],[106.6925476,-6.2315825],[106.6925362,-6.231589],[106.6925118,-6.231603],[106.6924748,-6.2316186],[106.6924115,-6.2316368],[106.6923553,-6.2316453],[106.6922597,-6.2316432],[106.6921664,-6.231634],[106.6921559,-6.2316304],[106.6921166,-6.2316173],[106.6920814,-6.2316055],[106.6919971,-6.2315845],[106.6919961,-6.2315842],[106.6919259,-6.2315618],[106.6918644,-6.2315364],[106.6918631,-6.2315363],[106.6917991,-6.2315287],[106.6917214,-6.2315397],[106.6916617,-6.2315554],[106.6916394,-6.2315673],[106.6916385,-6.2315678],[106.6916008,-6.2315879],[106.6915556,-6.2316407],[106.6915283,-6.2317114],[106.6915321,-6.2317724],[106.691539,-6.2318076],[106.6915479,-6.2318525],[106.6915565,-6.2318906],[106.6915897,-6.2319272],[106.6915857,-6.2319661],[106.6915217,-6.2320681],[106.6915108,-6.2321036],[106.6915178,-6.2321264],[106.6915816,-6.2322094],[106.6916086,-6.2322538],[106.6916186,-6.2322996],[106.6916154,-6.2323528],[106.6916039,-6.2323769],[106.6915828,-6.2323972],[106.6915609,-6.232407],[106.6915317,-6.2324093],[106.6911758,-6.2323575],[106.6911342,-6.2323446],[106.6910948,-6.2323264],[106.6910331,-6.2322822],[106.6910077,-6.2322792],[106.6909856,-6.2322873],[106.6909796,-6.2323199],[106.6910065,-6.232398],[106.6910184,-6.2324539],[106.6909383,-6.2326094],[106.6908519,-6.2326896],[106.6908206,-6.2327627],[106.6908348,-6.2328728],[106.6908414,-6.2329836],[106.6908405,-6.2330946],[106.6908319,-6.2332053],[106.6908248,-6.2332604],[106.6908149,-6.2332839],[106.690781,-6.2333525],[106.6907502,-6.2334056],[106.6907381,-6.2334197],[106.6907185,-6.2334307],[106.6906981,-6.2334338],[106.6906742,-6.233428],[106.6906546,-6.233413],[106.6906435,-6.2333932],[106.6906034,-6.2333404],[106.6905312,-6.2331533],[106.6904918,-6.2330778],[106.6904739,-6.2330605],[106.6904479,-6.2330563],[106.6904276,-6.2330744],[106.6903904,-6.2331213],[106.6903452,-6.2331498],[106.6903008,-6.2331516],[106.6901972,-6.2331188],[106.6901781,-6.2331193],[106.6901599,-6.2331478],[106.6901526,-6.2332372],[106.6901367,-6.2333161],[106.6900366,-6.2333941],[106.6898879,-6.2335713],[106.6898544,-6.2335899],[106.689819,-6.2335926],[106.6898096,-6.2335811],[106.6898041,-6.2335627],[106.6897955,-6.2333361],[106.6898005,-6.2332428],[106.6898176,-6.233151],[106.6898104,-6.2330532],[106.6898353,-6.2329685],[106.6899249,-6.2328],[106.6899428,-6.2327384],[106.6899308,-6.2327144],[106.689909,-6.2327015],[106.6898932,-6.2327001],[106.6898369,-6.2327092],[106.6897785,-6.2327333],[106.689605,-6.2327926],[106.6894258,-6.2328325],[106.6893674,-6.2328379],[106.689277,-6.232891],[106.6891534,-6.2329815],[106.6889534,-6.233132],[106.6889015,-6.2332185],[106.6887891,-6.2333871],[106.6887633,-6.2335773],[106.6886336,-6.2337331],[106.6882662,-6.2339277],[106.6880594,-6.2340107],[106.6879695,-6.2340903],[106.6880322,-6.2341678],[106.6881934,-6.2342126],[106.6882509,-6.2342952],[106.6882688,-6.2344006],[106.6882249,-6.2344989],[106.6881716,-6.2345994],[106.6881842,-6.2346371],[106.6883547,-6.2346433],[106.6884655,-6.2346286],[106.6885513,-6.2346579],[106.6886036,-6.234695],[106.6886632,-6.2347693],[106.688684,-6.234811],[106.688693,-6.2349032],[106.6887198,-6.2349895],[106.6887764,-6.2350757],[106.6888008,-6.2351789],[106.6887883,-6.2352009],[106.688576,-6.2351341],[106.6885436,-6.2351644],[106.6886121,-6.235362],[106.6887894,-6.2355089],[106.6888197,-6.2356646],[106.6887852,-6.235764],[106.6886858,-6.2358073],[106.6885794,-6.2358225],[106.6884905,-6.2357765],[106.6884393,-6.2359198],[106.6882794,-6.2360884],[106.688184,-6.2361491],[106.6881657,-6.2362598],[106.6881742,-6.2363931],[106.6881373,-6.2364641],[106.6880736,-6.236535],[106.6875565,-6.236983],[106.6874656,-6.2370046],[106.6873834,-6.2369787],[106.6872726,-6.2369751],[106.6871327,-6.237169],[106.6870377,-6.2372426],[106.6868906,-6.237329],[106.6867958,-6.2374145],[106.6868186,-6.2375109],[106.6869383,-6.2375236],[106.687037,-6.2375705],[106.6871306,-6.2376201],[106.6871618,-6.2376938],[106.687135,-6.2377945],[106.6870768,-6.2378584],[106.6869947,-6.2378836],[106.6869848,-6.2380169],[106.6869679,-6.238163],[106.6869268,-6.2382311],[106.6868361,-6.2382922],[106.6866716,-6.238434],[106.6865788,-6.2385455],[106.6865448,-6.2386278],[106.6865803,-6.2386873],[106.6866926,-6.2387268],[106.6867971,-6.2387475],[106.6868871,-6.2387888],[106.6870377,-6.2389666],[106.6871891,-6.2392129],[106.6873473,-6.2394206],[106.6874104,-6.2394562],[106.6875049,-6.2394678],[106.6878335,-6.2393424],[106.6880324,-6.2392515],[106.6881274,-6.2391477],[106.6882095,-6.2389272],[106.6882916,-6.2387846],[106.6883738,-6.2387629],[106.6885597,-6.2387672],[106.6887969,-6.2388294],[106.6889698,-6.2388899],[106.6890823,-6.2389114],[106.689199,-6.2388638],[106.6892178,-6.2388491],[106.6892387,-6.2389501],[106.6892366,-6.2390295],[106.689197,-6.239217],[106.6891595,-6.2393472],[106.6891464,-6.2394552],[106.6891618,-6.2395677],[106.6891819,-6.2397764],[106.6892106,-6.2399131],[106.6892018,-6.2400852],[106.6891809,-6.2402516],[106.6892571,-6.2404248],[106.6892823,-6.2404928],[106.6893854,-6.2407136],[106.6896241,-6.2412644],[106.6897819,-6.2416114],[106.6899156,-6.241961],[106.690511,-6.2427882],[106.6906645,-6.2440946],[106.6906925,-6.2442427],[106.6910108,-6.2440212],[106.6913917,-6.2438398],[106.6917355,-6.2438025],[106.6920561,-6.2438303],[106.692386,-6.2439695],[106.692809,-6.2441925],[106.6930506,-6.244304],[106.6934857,-6.2443994],[106.6943017,-6.244445],[106.6950625,-6.2444236],[106.6955987,-6.2444424],[106.6961938,-6.2444907],[106.6971287,-6.2444874],[106.6970242,-6.2450108],[106.6969489,-6.2456898],[106.6968674,-6.2463545],[106.6968034,-6.2469646],[106.6967011,-6.2476953],[106.6965821,-6.2487707],[106.69654,-6.2489837],[106.696456,-6.249176],[106.6964512,-6.2492238],[106.6963692,-6.2495331],[106.6963489,-6.2496002],[106.6962441,-6.2499245],[106.6960764,-6.2503438],[106.6959729,-6.2507623],[106.6959637,-6.2510104],[106.695902,-6.2515756],[106.695887,-6.2516359],[106.6961224,-6.2516615],[106.6966453,-6.2516827],[106.6978723,-6.251712],[106.6979012,-6.251714],[106.6981193,-6.2517261],[106.6982486,-6.2517704],[106.6983294,-6.2518997],[106.6984681,-6.2522938],[106.6986233,-6.2526545],[106.6987505,-6.2528579],[106.6988237,-6.2529483],[106.6988687,-6.252984],[106.6991622,-6.2533984],[106.6993555,-6.2536165],[106.6994968,-6.2537201],[106.6996464,-6.2537901],[106.7001654,-6.2540103],[106.7002761,-6.2540698],[106.700311,-6.2540907],[106.7004379,-6.2541744],[106.7007622,-6.2543516],[106.7008871,-6.2543834],[106.701091,-6.2544206],[106.7016012,-6.2545846],[106.7019972,-6.2547397],[106.7023645,-6.2548423],[106.7027776,-6.254943],[106.7030023,-6.255072],[106.7032099,-6.2552535],[106.7035052,-6.2555309],[106.7038267,-6.2559237],[106.704033,-6.2561635],[106.7042582,-6.2564425],[106.704442,-6.2566303],[106.7054396,-6.2575982],[106.7056927,-6.2576223],[106.7058887,-6.2569522],[106.705954,-6.2567562],[106.7059951,-6.2566094],[106.7060007,-6.256567],[106.7060049,-6.2564815],[106.706031,-6.2563786],[106.706036,-6.2562658],[106.7060242,-6.2561637],[106.7059645,-6.256165],[106.70591,-6.2561611],[106.7058854,-6.256143],[106.7058789,-6.2561158],[106.7058866,-6.2559186],[106.7058787,-6.2555519],[106.7058877,-6.2554871],[106.7058903,-6.255417],[106.7059123,-6.2553729],[106.7059961,-6.2552621],[106.7062036,-6.2550026],[106.7063434,-6.2548519],[106.7063996,-6.2546976],[106.7064163,-6.2545122],[106.706496,-6.254243],[106.7065084,-6.2541429],[106.7065107,-6.2540473],[106.7065277,-6.2538815],[106.7065538,-6.2537621],[106.7065605,-6.2536926],[106.7065754,-6.2536432],[106.7066952,-6.2535559],[106.7069869,-6.2535245],[106.7071525,-6.2535137],[106.7073772,-6.2534914],[106.7074926,-6.2534138],[106.7076552,-6.2531956],[106.7077509,-6.2529764],[106.7080402,-6.2528731],[106.7085175,-6.2528016],[106.7089628,-6.2526482],[106.709252,-6.252684],[106.7097453,-6.2525128],[106.7100258,-6.2525576],[106.7102857,-6.2526112],[106.7104778,-6.2526648],[106.7104706,-6.2519981],[106.7106715,-6.251977],[106.7106629,-6.2516746],[106.7103681,-6.2512597],[106.710615,-6.2510588],[106.7105025,-6.2508935],[106.7103001,-6.2506267],[106.7097133,-6.2499789],[106.7097885,-6.2500036],[106.7101606,-6.250426],[106.7103453,-6.2506578],[106.7109287,-6.2514658],[106.7109261,-6.2515953],[106.7115866,-6.2515911],[106.712379,-6.2515405],[106.7125957,-6.2515228],[106.7130677,-6.2514928],[106.7134824,-6.251472],[106.7134975,-6.2515346],[106.7135112,-6.2516148],[106.7135182,-6.2516973],[106.7140436,-6.2516684],[106.7159585,-6.251563],[106.7167505,-6.2515053],[106.7168975,-6.2514983],[106.7170164,-6.2514524],[106.7170989,-6.2513726],[106.7178211,-6.2513102],[106.7186258,-6.251376],[106.718836,-6.2514022],[106.7192229,-6.2513781],[106.719617,-6.2513612],[106.7199102,-6.2513705],[106.7199364,-6.2513613],[106.7203497,-6.2514113],[106.7207349,-6.2514395],[106.7207262,-6.2513068],[106.7207366,-6.2512688],[106.7207951,-6.2511827],[106.7208101,-6.25114],[106.7208096,-6.251107],[106.7208135,-6.2510674],[106.7208468,-6.2510482],[106.7217499,-6.2510119],[106.7232873,-6.2509835],[106.7234019,-6.2509913],[106.723431,-6.2510362],[106.7234613,-6.2511864],[106.7235349,-6.2514251],[106.7237603,-6.2513737],[106.7241348,-6.2512751],[106.7244111,-6.2512815],[106.7247804,-6.2513021],[106.7250142,-6.2513323],[106.7252825,-6.251279],[106.7258894,-6.2511933],[106.7258813,-6.2510902],[106.7259345,-6.251074],[106.7260212,-6.2510638],[106.7260221,-6.2507175],[106.7262877,-6.2507844],[106.7264416,-6.2507894],[106.7267171,-6.2506973],[106.7268688,-6.2506688],[106.727,-6.25065],[106.7271639,-6.2506499],[106.727158,-6.2509081],[106.727225,-6.2509379],[106.7272723,-6.2511241],[106.7280442,-6.2510369],[106.7285053,-6.2510494],[106.7286393,-6.2510642],[106.7288156,-6.2510517],[106.7290563,-6.2510267],[106.7291929,-6.2510814],[106.7295006,-6.2511457],[106.7298243,-6.2512974],[106.7300478,-6.2514562],[106.7301837,-6.2516162],[106.7302758,-6.2518463],[106.7302825,-6.2520041],[106.7302533,-6.2525698],[106.730365,-6.2525771],[106.7311314,-6.2525233],[106.7311378,-6.2521353],[106.7311846,-6.2517402],[106.7312241,-6.2513322],[106.7312556,-6.2509449],[106.7313476,-6.2507475],[106.7316124,-6.2507436],[106.7318765,-6.2507585],[106.7322451,-6.2507726],[106.7338182,-6.2507484],[106.7345613,-6.2507165],[106.7350395,-6.2507527],[106.7354582,-6.2507095],[106.7356403,-6.2506804],[106.7359036,-6.2506603],[106.7364352,-6.2506657],[106.7368723,-6.2506637],[106.7369957,-6.2506736],[106.7371157,-6.2506969],[106.7372291,-6.2507402],[106.7374024,-6.2508634],[106.7375291,-6.2508734],[106.7377291,-6.2508966],[106.7378613,-6.2508978],[106.7378723,-6.2508033],[106.7379199,-6.2508028],[106.7381398,-6.2508006],[106.7386082,-6.2507863],[106.7387182,-6.2507729],[106.7387882,-6.2507496],[106.7393477,-6.2505143],[106.7394438,-6.2504785],[106.7394898,-6.2504668],[106.7396816,-6.2504462],[106.7400089,-6.2504533],[106.7405206,-6.2504577],[106.7408574,-6.2504645],[106.7411965,-6.2504714],[106.7414314,-6.2504312],[106.7423147,-6.2502055],[106.7425527,-6.2501611],[106.7435486,-6.2503816],[106.7438175,-6.250436],[106.7439127,-6.2499219],[106.7440081,-6.2499441],[106.744771,-6.250083],[106.7447543,-6.2502136],[106.744738,-6.2502947],[106.7454779,-6.250275],[106.7459804,-6.2502513],[106.7464589,-6.2502527],[106.7467641,-6.2502148],[106.7475271,-6.2501421],[106.7481212,-6.2501445],[106.748155,-6.2499741],[106.7481961,-6.249806],[106.7482106,-6.2496308],[106.7481905,-6.2495106],[106.7481036,-6.2493618],[106.7480142,-6.2492489],[106.7478693,-6.2491361],[106.7477051,-6.2490617],[106.7475433,-6.2489776],[106.7473757,-6.2488987],[106.747263,-6.2487697],[106.7472322,-6.2486203],[106.7472391,-6.2483827],[106.7472049,-6.2481858],[106.747099,-6.2479379],[106.7470478,-6.2477478],[106.7468702,-6.2475135],[106.7467711,-6.2474185],[106.7467848,-6.2470891],[106.7467775,-6.2469722],[106.7467655,-6.2466701],[106.7467722,-6.2464271],[106.7467985,-6.2460333],[106.7468087,-6.245687],[106.7468124,-6.2453587],[106.74688,-6.2448449],[106.7469621,-6.2445953],[106.7470152,-6.2443456],[106.7470491,-6.2441151],[106.7470491,-6.2438414],[106.7470346,-6.2436446],[106.7470829,-6.2434285],[106.7471601,-6.2432893],[106.7472229,-6.2432077],[106.7472133,-6.2431164],[106.7472374,-6.24303],[106.7472712,-6.2429148],[106.7473099,-6.2427755],[106.7473533,-6.2425931],[106.747392,-6.2424971],[106.7474982,-6.2423914],[106.7475599,-6.2423664],[106.7475744,-6.2422176],[106.7478014,-6.2419103],[106.7482027,-6.2415709],[106.7483814,-6.2414797],[106.7484056,-6.2414269],[106.7484297,-6.2413357],[106.748507,-6.2412732],[106.7486036,-6.2411436],[106.7486519,-6.2409611],[106.7486422,-6.2407451],[106.7485746,-6.2406058],[106.7484152,-6.2404474],[106.7482558,-6.2402217],[106.7481317,-6.2399509],[106.7480037,-6.2396916],[106.7478559,-6.2393959],[106.7478153,-6.2393147],[106.7476269,-6.2389522],[106.7474796,-6.2386041],[106.7473492,-6.2382199],[106.7472139,-6.237855],[106.7471125,-6.2376006],[106.7469869,-6.2374541],[106.7467817,-6.2373773],[106.7466826,-6.2371588],[106.7466343,-6.2369212],[106.7465716,-6.2366019],[106.7465474,-6.2364146],[106.7466187,-6.236345],[106.7465719,-6.2362538],[106.7451532,-6.236395],[106.7450616,-6.2364601],[106.7448798,-6.2364727],[106.7445804,-6.2364452],[106.7440991,-6.2363572],[106.7442312,-6.2356164],[106.744359,-6.2351803],[106.7444533,-6.2347502],[106.7446601,-6.2342744],[106.7447459,-6.2340668],[106.7448424,-6.2337924],[106.744854,-6.2334921],[106.74483,-6.2332005],[106.7447751,-6.2329609],[106.7447049,-6.2326542],[106.7445389,-6.2324262],[106.7445377,-6.2323293],[106.7445557,-6.2322538],[106.7446361,-6.2321624],[106.7448659,-6.2321365],[106.7449946,-6.2320531],[106.7450836,-6.2319548],[106.7451773,-6.2318992],[106.7452892,-6.2318714],[106.7454491,-6.231838],[106.7455125,-6.231128],[106.745574,-6.2308055],[106.7447377,-6.2306843],[106.7439796,-6.2305364],[106.7441787,-6.2298978],[106.7442483,-6.2297039],[106.7443237,-6.2294941],[106.7445157,-6.2290569],[106.7443474,-6.2289304],[106.7440524,-6.2288405],[106.7437831,-6.228802],[106.7436618,-6.2288098],[106.7435171,-6.2288572],[106.7433717,-6.2288387],[106.7432837,-6.2286625],[106.7433585,-6.2281623],[106.7434192,-6.2279002],[106.7434091,-6.2276184],[106.7431969,-6.2274674],[106.7430262,-6.2273785],[106.7428547,-6.2273226],[106.7426544,-6.2273182],[106.7424455,-6.2273829],[106.7423876,-6.2274061],[106.7416383,-6.2277318],[106.7409825,-6.2277245],[106.7403923,-6.2276638],[106.7404234,-6.2269485],[106.7404445,-6.226246],[106.7405635,-6.2261712],[106.7399871,-6.226178],[106.7397894,-6.225481],[106.7394873,-6.2253216],[106.738003,-6.2254217],[106.7377845,-6.2253202],[106.7377286,-6.225031],[106.7376114,-6.2245319],[106.737454,-6.223777],[106.737016,-6.223881],[106.736134,-6.22392],[106.735237,-6.22392],[106.734324,-6.223928],[106.7340439,-6.223928],[106.733562,-6.223928],[106.73303,-6.223928],[106.73241,-6.22392],[106.731747,-6.224002],[106.730987,-6.22412],[106.730482,-6.224115],[106.729129,-6.224221],[106.728169,-6.224288],[106.727287,-6.224388],[106.727079,-6.224411],[106.726024,-6.224372],[106.725199,-6.224349],[106.724358,-6.224302],[106.723818,-6.224287],[106.7206647,-6.2242079],[106.719315,-6.224174],[106.718238,-6.224135],[106.718264,-6.22281],[106.718277,-6.22211],[106.718286,-6.221807],[106.718265,-6.221798],[106.718074,-6.221743],[106.717928,-6.220961],[106.717984,-6.220492],[106.718085,-6.219521],[106.718175,-6.219231],[106.718365,-6.218625],[106.718456,-6.218301],[106.718585,-6.217901],[106.718262,-6.217818],[106.71825,-6.2178],[106.718399,-6.217368],[106.718665,-6.21674],[106.718673,-6.21659],[106.718728,-6.216065],[106.718778,-6.215962],[106.7191476,-6.2156158],[106.71931,-6.214538],[106.719534,-6.214227],[106.719828,-6.214174],[106.719703,-6.21388],[106.72007,-6.21284],[106.719891,-6.212458],[106.719963,-6.212147],[106.721742,-6.212174],[106.72268,-6.212165],[106.7235115,-6.2121357],[106.7235525,-6.2114737],[106.7235791,-6.2110627],[106.7236642,-6.2075803],[106.7243128,-6.207596],[106.724424,-6.2047123],[106.7240175,-6.2045262],[106.724757,-6.20281],[106.724742,-6.202141],[106.724362,-6.20196],[106.724531,-6.201114],[106.723771,-6.200369],[106.723091,-6.200106],[106.723473,-6.199791],[106.723192,-6.199459],[106.723074,-6.198928],[106.723204,-6.198432],[106.723911,-6.19761],[106.723245,-6.197219],[106.72397,-6.196199],[106.723975,-6.196202],[106.724337,-6.195528],[106.724577,-6.194809],[106.724773,-6.19405],[106.724214,-6.191619],[106.72402,-6.190742],[106.721947,-6.191171],[106.719654,-6.191924],[106.717707,-6.192554],[106.716648,-6.192406],[106.7148339,-6.191874],[106.7148764,-6.1915411],[106.714938,-6.191058],[106.714959,-6.189961],[106.715033,-6.189896],[106.715174,-6.189911],[106.715571,-6.190181],[106.715934,-6.190265],[106.716357,-6.190001],[106.716888,-6.189761],[106.717226,-6.189316],[106.717443,-6.188764],[106.717528,-6.188332],[106.718071,-6.187767],[106.719013,-6.187815],[106.72004,-6.187203],[106.720571,-6.187119],[106.721187,-6.186867],[106.721308,-6.187023],[106.722383,-6.186531],[106.722525,-6.186098],[106.722712,-6.185673],[106.723447,-6.185571],[106.724181,-6.185843],[106.724428,-6.185324],[106.724374,-6.184948],[106.723413,-6.184773],[106.7231247,-6.1846814],[106.7206426,-6.1841134],[106.718671,-6.183662],[106.7173568,-6.1830995],[106.715608,-6.182351],[106.7144365,-6.1820622],[106.712464,-6.181576],[106.7107266,-6.1810255],[106.7098636,-6.1808981],[106.7090183,-6.1805653],[106.7085374,-6.180376],[106.7069779,-6.1797839],[106.7037,-6.178593],[106.701039,-6.176548],[106.698774,-6.17623],[106.69791,-6.175896],[106.696497,-6.17547],[106.6958013,-6.1751675],[106.695768,-6.175153],[106.695157,-6.175425],[106.6945936,-6.1756491],[106.694018,-6.175878],[106.693434,-6.175234],[106.693053,-6.175043],[106.693034,-6.17516],[106.692939,-6.17515],[106.692846,-6.175113],[106.692686,-6.174994],[106.692492,-6.17484],[106.692257,-6.174723],[106.692035,-6.174592],[106.692067,-6.174517],[106.69222,-6.174125],[106.692239,-6.17406],[106.692333,-6.173725],[106.691879,-6.17371],[106.691345,-6.173487],[106.69121,-6.173522],[106.6909897,-6.1734637],[106.690121,-6.173214],[106.689281,-6.173015],[106.689221,-6.172757],[106.688232,-6.172493],[106.688247,-6.170229],[106.688254,-6.168547],[106.688254,-6.168534],[106.6882522,-6.1681952],[106.6884555,-6.1679665],[106.688758,-6.166987],[106.689252,-6.167017],[106.6890906,-6.1663637],[106.6888814,-6.1655174],[106.688844,-6.165366],[106.6890781,-6.1649329],[106.689305,-6.164513],[106.689294,-6.164342],[106.68908,-6.163457],[106.68923,-6.162945],[106.689305,-6.161814],[106.689906,-6.160854],[106.690089,-6.160332],[106.690073,-6.159949],[106.689358,-6.159886],[106.68868,-6.159897],[106.688101,-6.159887],[106.687913,-6.154343],[106.6874709,-6.1541183],[106.6875563,-6.1539393],[106.6876533,-6.153664],[106.6877634,-6.15338],[106.6877684,-6.153203],[106.6877429,-6.152068],[106.687448,-6.147587],[106.686965,-6.14742],[106.686544,-6.145158],[106.686334,-6.144024],[106.6863979,-6.1420453],[106.686436,-6.140865],[106.686537,-6.138113],[106.686548,-6.134853],[106.686366,-6.132833],[106.686365,-6.1317278],[106.68584,-6.1240553],[106.685589,-6.1203878],[106.685636,-6.1158278],[106.686248,-6.1149858],[106.687189,-6.1146588],[106.689368,-6.1141358],[106.691469,-6.1135598],[106.694501,-6.1127898],[106.695866,-6.1129308],[106.695787,-6.1121498],[106.696324,-6.1114808],[106.696843,-6.1108218],[106.696264,-6.109703],[106.695699,-6.109632],[106.694735,-6.109773],[106.693889,-6.109329],[106.693606,-6.108697],[106.693583,-6.10823],[106.693818,-6.107879],[106.694232,-6.106983],[106.694032,-6.106619],[106.692968,-6.106454],[106.691438,-6.107214],[106.691205,-6.108967],[106.68921,-6.108603],[106.688478,-6.107049],[106.688511,-6.105429],[106.688944,-6.104767],[106.6887763,-6.1043786],[106.6885221,-6.1040413],[106.6885686,-6.1038521],[106.6886228,-6.1036719],[106.6886332,-6.1034352],[106.6886104,-6.1034256],[106.6886597,-6.1028673],[106.6886683,-6.1028027],[106.6886568,-6.1027846],[106.6886302,-6.102758],[106.6886948,-6.1026192],[106.688765,-6.1025035],[106.6888372,-6.1022762],[106.6891064,-6.1016004],[106.6891958,-6.1013911],[106.6891937,-6.1013693],[106.6891784,-6.1013456],[106.6891239,-6.1013192],[106.689087,-6.1012812],[106.6891458,-6.1002973],[106.6891287,-6.1002853],[106.6890241,-6.1002824],[106.6890021,-6.1002724],[106.6889742,-6.1002165],[106.6889297,-6.1001955],[106.6888041,-6.1001946],[106.6885979,-6.1001846],[106.6885497,-6.1001228],[106.6885257,-6.0998418],[106.6884958,-6.099778],[106.6884515,-6.0996446],[106.6884009,-6.0995647],[106.6883316,-6.0993678],[106.6882987,-6.0992401],[106.6882476,-6.0990797],[106.6882002,-6.0989593],[106.6881783,-6.0988244],[106.6881746,-6.0987084],[106.6881367,-6.0985601],[106.6881138,-6.0984883],[106.6880827,-6.0983426],[106.6880216,-6.0981521],[106.687979,-6.0981635],[106.6873586,-6.0972705],[106.6869132,-6.0973998],[106.6866177,-6.0974235],[106.6858655,-6.0975049],[106.6852142,-6.0975098],[106.6851324,-6.0975192],[106.6846101,-6.0975607],[106.6842212,-6.0976041],[106.6818693,-6.0977875],[106.6813881,-6.0978169],[106.680834,-6.097868],[106.6806933,-6.097894],[106.679237,-6.09799],[106.6784497,-6.0980558],[106.678045,-6.0981034],[106.6775027,-6.0981371],[106.6772605,-6.0981631],[106.6770883,-6.0981695],[106.6770704,-6.0982234],[106.6767399,-6.098267],[106.6765787,-6.0982961],[106.6765951,-6.0983525],[106.6761797,-6.0984497],[106.6761667,-6.0984619],[106.676126,-6.0985538],[106.6758062,-6.0985198],[106.675749,-6.0985702],[106.6757506,-6.0987454],[106.6756677,-6.099098],[106.6755937,-6.0993674],[106.6755749,-6.0994751],[106.6755917,-6.0995085],[106.675616,-6.0996305],[106.6756617,-6.0997076],[106.6756415,-6.0999163],[106.6756391,-6.0999772],[106.6755479,-6.0999991],[106.6755104,-6.1002576],[106.6755489,-6.1003293],[106.6755611,-6.100425],[106.6755473,-6.1005829],[106.6755437,-6.1009729],[106.6756276,-6.1010396],[106.6756586,-6.1010564],[106.6756557,-6.1016257],[106.6756234,-6.1020182],[106.6755763,-6.1020123],[106.6755188,-6.10218],[106.675433,-6.102252],[106.6753088,-6.1023003],[106.6752373,-6.1023627],[106.6751801,-6.1024011],[106.6751327,-6.1025448],[106.6750564,-6.1026169],[106.6749466,-6.1026603],[106.6746839,-6.1027137],[106.6740298,-6.1027492],[106.6736284,-6.1027936],[106.6733129,-6.1028232],[106.6728686,-6.1028964],[106.672855,-6.1031477],[106.6722813,-6.1031207],[106.6721092,-6.1031069],[106.6712988,-6.1030951],[106.6709188,-6.1031034],[106.6699365,-6.1031065],[106.6699516,-6.1033792],[106.6699728,-6.1034785],[106.6706279,-6.1035147],[106.6714098,-6.1036121],[106.6712072,-6.1059223],[106.6724478,-6.109442],[106.6724202,-6.1095821],[106.6718946,-6.1096555],[106.6708905,-6.1095868],[106.6705651,-6.1106381],[106.6719152,-6.1109118],[106.6717368,-6.1111923],[106.6722824,-6.1113915],[106.6722977,-6.1116714],[106.6726279,-6.1118068],[106.672464,-6.1121303],[106.6725651,-6.1123453],[106.6730103,-6.1125449],[106.6730323,-6.1127099],[106.6729912,-6.1133201],[106.6727628,-6.1136725],[106.6729496,-6.1137796],[106.6728943,-6.1144401],[106.6726387,-6.1152591],[106.6724096,-6.1153962],[106.6723245,-6.1156907],[106.6726425,-6.1165008],[106.672939,-6.116705],[106.6725587,-6.1194624],[106.6627607,-6.119616],[106.6554269,-6.1194287],[106.6478169,-6.1215127],[106.6469443,-6.1220053],[106.6467953,-6.122336],[106.6455297,-6.1222921],[106.6452805,-6.122518],[106.6446374,-6.1226577],[106.6413515,-6.1226344],[106.6422817,-6.117039],[106.6423252,-6.1161684],[106.6423548,-6.1157957],[106.6423622,-6.1147875],[106.6422458,-6.1140555],[106.642112,-6.1133022],[106.6419536,-6.1123098],[106.6417425,-6.1115745],[106.6417047,-6.1109287],[106.6417141,-6.1101032],[106.6420218,-6.1094135],[106.6424383,-6.108838],[106.6425815,-6.1084266],[106.6426144,-6.1081155],[106.6424984,-6.1078108],[106.6422519,-6.1076736],[106.6421091,-6.1076022],[106.6419093,-6.1075594],[106.6416951,-6.1075023],[106.641481,-6.1074737],[106.6411688,-6.1074983],[106.6410117,-6.1074555],[106.640769,-6.107327],[106.6403015,-6.1072106],[106.6401587,-6.1070536],[106.6399874,-6.1069393],[106.6397589,-6.1067109],[106.6395591,-6.1065681],[106.6393841,-6.1063118],[106.6390986,-6.106269],[106.638813,-6.1063403],[106.6386417,-6.1064117],[106.6385419,-6.1064317],[106.6383563,-6.1065459],[106.6381564,-6.1066601],[106.6379423,-6.1066886],[106.6376337,-6.1066904],[106.6373657,-6.1066728],[106.6372034,-6.1069707],[106.6370892,-6.1071635],[106.6370107,-6.1072348],[106.6369036,-6.1072301],[106.6368655,-6.107173],[106.6368739,-6.1070927],[106.6370277,-6.1068736],[106.6371234,-6.106721],[106.6372738,-6.1064453],[106.6374212,-6.1061944],[106.6375872,-6.1058991],[106.6376597,-6.1057132],[106.6377108,-6.105495],[106.6375658,-6.1055965],[106.636719,-6.1058783],[106.6357805,-6.1057801],[106.6357424,-6.1062564],[106.6353565,-6.1072099],[106.634907,-6.1081001],[106.634159,-6.1095117],[106.6333861,-6.1109483],[106.6328483,-6.1120283],[106.6326854,-6.1124136],[106.6326052,-6.1127637],[106.6326162,-6.1130153],[106.6326478,-6.113413],[106.6324917,-6.1144887],[106.6324597,-6.1150636],[106.6324887,-6.1152306],[106.6325468,-6.115412],[106.6325904,-6.1155354],[106.6326122,-6.1157168],[106.6326034,-6.1157676],[106.6325406,-6.1159114],[106.6319558,-6.1166934],[106.6316914,-6.1169283],[106.6313629,-6.117244],[106.6316375,-6.1174349],[106.6315308,-6.1177343],[106.6315554,-6.1179615],[106.6315797,-6.118081],[106.63164,-6.1182842],[106.6317362,-6.1184634],[106.6317964,-6.1186187],[106.6318805,-6.11875],[106.6319049,-6.1189055],[106.6319291,-6.119025],[106.6319416,-6.1191925],[106.6319536,-6.1192164],[106.6319185,-6.1194557],[106.6319669,-6.119647],[106.6320272,-6.1198382],[106.6321232,-6.1199695],[106.6321356,-6.1201011],[106.6320883,-6.1202687],[106.6319333,-6.1203888],[106.6317544,-6.1205209],[106.631683,-6.1206288],[106.631564,-6.1207966],[106.6313614,-6.1210006],[106.6312062,-6.1210489],[106.6310865,-6.1209895],[106.6310387,-6.1209777],[106.6309075,-6.1210738],[106.6307047,-6.1211821],[106.6305733,-6.1212064],[106.6304894,-6.1211468],[106.6304174,-6.1210394],[106.6303454,-6.1209559],[106.6302375,-6.1208485],[106.630094,-6.1208131],[106.6297837,-6.1209576],[106.6297122,-6.1210296],[106.6296168,-6.1210897],[106.6294017,-6.1211142],[106.6293092,-6.1208988],[106.6291855,-6.120744],[106.6291373,-6.1206365],[106.629077,-6.1204453],[106.6290049,-6.1203139],[106.6289807,-6.1202303],[106.6289207,-6.1201467],[106.6288608,-6.1200871],[106.6285699,-6.1199594],[106.6284374,-6.1199883],[106.6274117,-6.1203872],[106.6264809,-6.120678],[106.6254881,-6.1207439],[106.6245133,-6.1207441],[106.6236061,-6.1206425],[106.6232925,-6.120651],[106.6229534,-6.1207105],[106.6225635,-6.1209312],[106.6223261,-6.1211347],[106.6219748,-6.1215735],[106.6217623,-6.1217787],[106.6213915,-6.1221618],[106.6212775,-6.1222753],[106.6211767,-6.1223633],[106.6210723,-6.1224356],[106.6210134,-6.1224692],[106.6208723,-6.1225366],[106.6208133,-6.1225614],[106.6201842,-6.1227715],[106.6200504,-6.1228001],[106.619932,-6.1228174],[106.6197627,-6.1228302],[106.6195826,-6.1228356],[106.6193964,-6.1228334],[106.6192746,-6.1228267],[106.6191583,-6.1228153],[106.6189979,-6.1227916],[106.6188582,-6.1227635],[106.6186667,-6.1227193],[106.6185919,-6.1227064],[106.6185107,-6.1226983],[106.6184201,-6.1226973],[106.6183198,-6.1227069],[106.6182657,-6.1227167],[106.6181497,-6.1227482],[106.6180878,-6.1227705],[106.6179636,-6.1228239],[106.617804,-6.1229062],[106.6177496,-6.1229387],[106.617452,-6.1231475],[106.6173537,-6.1232414],[106.6171918,-6.1234182],[106.6170554,-6.1235751],[106.6166526,-6.1240752],[106.6165694,-6.1241939],[106.6163317,-6.1245499],[106.6162534,-6.1246563],[106.6161674,-6.1247653],[106.616073,-6.1248761],[106.6159722,-6.1249848],[106.6158679,-6.1250873],[106.6157625,-6.1251793],[106.6156579,-6.1252575],[106.6155507,-6.1253235],[106.6154367,-6.1253797],[106.6153115,-6.1254285],[106.6151732,-6.1254721],[106.6149585,-6.1255266],[106.614765,-6.1255654],[106.6145409,-6.1256025],[106.6145069,-6.1256102],[106.6144441,-6.1256311],[106.6144141,-6.1256452],[106.6143564,-6.1256805],[106.6142767,-6.1257467],[106.6142072,-6.1258222],[106.6141486,-6.1259054],[106.6141145,-6.1259691],[106.6140833,-6.1260422],[106.6140545,-6.1261267],[106.6140286,-6.1262209],[106.6140063,-6.1263224],[106.613988,-6.1264287],[106.6139688,-6.1266033],[106.613986,-6.1272979],[106.614121,-6.1288106],[106.6142649,-6.129795],[106.6142796,-6.1305682],[106.6142506,-6.1311295],[106.6140829,-6.1315963],[106.6138208,-6.1320502],[106.6135822,-6.1324937],[106.6132456,-6.1330544],[106.6131882,-6.1331308],[106.6131299,-6.133201],[106.61307,-6.1332655],[106.6130075,-6.1333253],[106.6129416,-6.133381],[106.6128783,-6.133424],[106.6126647,-6.1335888],[106.6125184,-6.1336895],[106.6123753,-6.1337778],[106.6121669,-6.13389],[106.6119629,-6.1339853],[106.6116336,-6.1341285],[106.6114545,-6.1342181],[106.6113477,-6.1342842],[106.6112983,-6.1343202],[106.611207,-6.1343994],[106.6111253,-6.134491],[106.6110529,-6.1345971],[106.6109898,-6.1347147],[106.6109147,-6.1348941],[106.610879,-6.1350029],[106.6108473,-6.1351366],[106.6108378,-6.1352134],[106.6108183,-6.1354934],[106.6108957,-6.1358915],[106.6109388,-6.1360533],[106.6110058,-6.1362328],[106.6110616,-6.1363563],[106.6111219,-6.1364738],[106.6111329,-6.1365139],[106.6111918,-6.1366357],[106.6115414,-6.1371147],[106.6116992,-6.1372846],[106.6126375,-6.1382078],[106.6129425,-6.1385187],[106.6131951,-6.1387134],[106.6132972,-6.1388227],[106.6134657,-6.1389894],[106.6135367,-6.1390523],[106.6136647,-6.1391502],[106.6137869,-6.1392259],[106.6138468,-6.1392573],[106.6139059,-6.1392852],[106.6140206,-6.1393309],[106.6141834,-6.1393802],[106.6148866,-6.1395432],[106.6149372,-6.1395704],[106.6150043,-6.1396212],[106.615139,-6.1397492],[106.6152369,-6.1398538],[106.615303,-6.1399335],[106.6153981,-6.1400643],[106.6155184,-6.1402627],[106.6156619,-6.1405259],[106.6157298,-6.1406736],[106.61576,-6.1407591],[106.6157701,-6.140798],[106.6157813,-6.1408724],[106.6157824,-6.1409488],[106.6157564,-6.1412157],[106.6156617,-6.1415695],[106.6153773,-6.1420728],[106.6143382,-6.1437699],[106.6141468,-6.1441613],[106.6138952,-6.1446062],[106.613691,-6.1450366],[106.6135658,-6.14564],[106.6134327,-6.1469128],[106.6133922,-6.1475304],[106.6130467,-6.1475365],[106.6084263,-6.1474836],[106.6077565,-6.1474873],[106.607453,-6.1474666],[106.6065223,-6.1475088],[106.6062313,-6.147513],[106.6060775,-6.1475213],[106.606011,-6.1475671],[106.6059196,-6.147642],[106.6058448,-6.1476585],[106.6057118,-6.1476253],[106.6055954,-6.1475755],[106.605454,-6.1475714],[106.6053502,-6.1476088],[106.6053128,-6.1476337],[106.6052296,-6.1476379],[106.6048971,-6.1476338],[106.6046935,-6.1476131],[106.6044441,-6.1476256],[106.604232,-6.1476048],[106.6038663,-6.1475924],[106.6038663,-6.147555],[106.6034717,-6.1475301],[106.6033054,-6.1475259],[106.6031558,-6.1475301],[106.6028067,-6.1475884],[106.6027319,-6.1476216],[106.6022912,-6.14763],[106.6020585,-6.1476467],[106.601726,-6.1476468],[106.6012563,-6.1476759],[106.6005996,-6.1476802],[106.6001049,-6.1477052],[106.5995342,-6.1477036],[106.5994064,-6.14771],[106.5987004,-6.1477102],[106.5985799,-6.1476687],[106.5984552,-6.1476978],[106.598343,-6.1477352],[106.5981726,-6.1477644],[106.5979315,-6.1477685],[106.5975449,-6.1477436],[106.5970337,-6.1477438],[106.5966097,-6.1477188],[106.59646,-6.1477148],[106.5961901,-6.1476691],[106.5952175,-6.1477233],[106.5951469,-6.1477357],[106.5950928,-6.1477773],[106.5948727,-6.1477725],[106.5924387,-6.14777],[106.592449,-6.1483029],[106.5918247,-6.1483219],[106.5915318,-6.1483228],[106.5912814,-6.1485149],[106.5911435,-6.148361],[106.5908739,-6.1479411],[106.5905575,-6.1480077],[106.5907957,-6.1500831],[106.5908347,-6.1505221],[106.5909565,-6.1515775],[106.5909639,-6.1517836],[106.590961,-6.1519139],[106.59097,-6.1520351],[106.5910523,-6.1522896],[106.5910973,-6.1525053],[106.5911348,-6.1527224],[106.5911859,-6.1532943],[106.59115,-6.1535893],[106.5911007,-6.1538708],[106.5910811,-6.1542887],[106.5910721,-6.154386],[106.5910781,-6.1544624],[106.5912024,-6.1545222],[106.5912125,-6.1545633],[106.5912339,-6.1550257],[106.5912226,-6.1554912],[106.5913951,-6.1556592],[106.5913862,-6.155988],[106.5914113,-6.1564115],[106.5914362,-6.156449],[106.5917147,-6.1564489],[106.5918103,-6.156453],[106.5918436,-6.1564988],[106.5918602,-6.1566567],[106.5918603,-6.1567938],[106.5916358,-6.1568354],[106.5915984,-6.1568811],[106.5916775,-6.1577414],[106.5915196,-6.1578453],[106.5911163,-6.1578163],[106.5910583,-6.1583975],[106.591183,-6.1585512],[106.5913244,-6.1588005],[106.5914408,-6.1588089],[106.591499,-6.1588338],[106.5916029,-6.1589335],[106.5916154,-6.1590166],[106.5916029,-6.1590956],[106.5911333,-6.1596193],[106.5910919,-6.159789],[106.5910462,-6.1599386],[106.5909963,-6.1600509],[106.5908909,-6.1602017],[106.590826,-6.1603128],[106.590779,-6.1604277],[106.5907501,-6.160406],[106.5906778,-6.1603742],[106.5903937,-6.1603502],[106.5902793,-6.1603175],[106.5900811,-6.1602035],[106.5899554,-6.1601384],[106.5898976,-6.1601163],[106.5897956,-6.1601177],[106.5897512,-6.160137],[106.5894362,-6.1603546],[106.5888984,-6.1607901],[106.5887995,-6.1609143],[106.5887407,-6.1611037],[106.5886835,-6.1614712],[106.5884661,-6.1614606],[106.5883949,-6.1614652],[106.5882093,-6.1614307],[106.5880324,-6.1614179],[106.5879636,-6.1614209],[106.5877341,-6.1618608],[106.5876804,-6.1619242],[106.5875485,-6.1620122],[106.5872653,-6.1620611],[106.5871187,-6.1620953],[106.5869625,-6.1622371],[106.5867965,-6.1623055],[106.5866157,-6.1623593],[106.5864122,-6.162345],[106.5861664,-6.1622616],[106.5860198,-6.1622225],[106.5846233,-6.1624195],[106.5844241,-6.1624254],[106.5841832,-6.1623809],[106.5837999,-6.1622947],[106.5836686,-6.1622857],[106.5835505,-6.1623721],[106.5833012,-6.1629498],[106.5832514,-6.1631244],[106.5831516,-6.1632408],[106.5830277,-6.1633096],[106.5828241,-6.1633388],[106.5827451,-6.1634012],[106.582716,-6.1635425],[106.5826745,-6.1641992],[106.5826373,-6.164968],[106.5826708,-6.1651544],[106.5827165,-6.1652333],[106.582754,-6.1653247],[106.5827747,-6.1654203],[106.5827706,-6.1655783],[106.5827166,-6.1657736],[106.582621,-6.1659564],[106.5825337,-6.1660562],[106.5824756,-6.1662059],[106.5824714,-6.1663056],[106.5825006,-6.1664012],[106.5825879,-6.1665217],[106.5826419,-6.1666672],[106.5826295,-6.166796],[106.5825541,-6.1669363],[106.5824419,-6.1670235],[106.5822341,-6.1670902],[106.5819889,-6.1670902],[106.5817727,-6.1670777],[106.5813183,-6.1669561],[106.5811992,-6.1669559],[106.5809869,-6.1669063],[106.5808603,-6.1668972],[106.58077,-6.1668972],[106.5804357,-6.1673088],[106.5803228,-6.1674987],[106.5802685,-6.1676751],[106.5801684,-6.1680422],[106.5801595,-6.1683792],[106.5801326,-6.1686177],[106.5800827,-6.1686639],[106.5799942,-6.1687255],[106.579802,-6.1688333],[106.5796136,-6.1689563],[106.5794482,-6.1690756],[106.5792012,-6.1691533],[106.5791128,-6.1692086],[106.5790464,-6.1692805],[106.5790354,-6.169369],[106.5790465,-6.1695238],[106.5790907,-6.1696731],[106.5791847,-6.1698058],[106.5792234,-6.1699219],[106.5792013,-6.1700104],[106.5791295,-6.1700602],[106.5790244,-6.1700215],[106.5787591,-6.1699497],[106.5786209,-6.1699496],[106.5785657,-6.1700436],[106.5785601,-6.1701543],[106.5785989,-6.1702815],[106.5786928,-6.1704086],[106.5786928,-6.1704308],[106.5787205,-6.1705765],[106.5787244,-6.170733],[106.5788027,-6.1708894],[106.5788848,-6.1710225],[106.5790451,-6.1711711],[106.5791741,-6.1713157],[106.5792837,-6.1714565],[106.5793384,-6.1715621],[106.5793423,-6.17166],[106.5792915,-6.1718321],[106.5792251,-6.1719533],[106.5791391,-6.1720511],[106.5790648,-6.1721215],[106.5789123,-6.1721919],[106.5786973,-6.1722116],[106.5785135,-6.172278],[106.5783297,-6.1722859],[106.5781304,-6.1722703],[106.5779935,-6.1722742],[106.5778684,-6.1723173],[106.5777198,-6.1723994],[106.5776104,-6.1724503],[106.5775126,-6.1724777],[106.5773445,-6.1724543],[106.5771295,-6.1724112],[106.5769104,-6.172423],[106.5767199,-6.1725306],[106.576648,-6.1726124],[106.5766335,-6.172695],[106.5766632,-6.1728202],[106.5766311,-6.1729858],[106.5764773,-6.173076],[106.5762722,-6.1730563],[106.5761437,-6.172992],[106.5760357,-6.1729544],[106.5759567,-6.1729835],[106.5759152,-6.1730666],[106.5759069,-6.1731871],[106.57587,-6.1732693],[106.5756101,-6.1737066],[106.5754767,-6.1738228],[106.5753239,-6.1738849],[106.5752053,-6.1739023],[106.5750596,-6.1738702],[106.5748866,-6.1737441],[106.5747306,-6.1736403],[106.5745887,-6.1735866],[106.5744627,-6.1735743],[106.5742971,-6.1735924],[106.5741885,-6.1736806],[106.5740353,-6.1737795],[106.5739191,-6.1737993],[106.5737832,-6.1737993],[106.5736943,-6.1737376],[106.5736111,-6.173649],[106.5735148,-6.173602],[106.5733838,-6.1736094],[106.573285,-6.1736539],[106.5731961,-6.1737331],[106.5731498,-6.1738331],[106.5729663,-6.1743787],[106.5728647,-6.174468],[106.5727026,-6.1744979],[106.5724406,-6.1744785],[106.5723648,-6.17452],[106.5723617,-6.1745948],[106.5724116,-6.1747397],[106.5723825,-6.1748292],[106.5722859,-6.1748564],[106.5722071,-6.1748543],[106.5715198,-6.1749095],[106.5713974,-6.1749483],[106.5712311,-6.1750522],[106.5710233,-6.1751021],[106.5706639,-6.1750974],[106.5705341,-6.1750475],[106.5699753,-6.1750686],[106.569767,-6.1750637],[106.5696484,-6.1750435],[106.5694893,-6.1750334],[106.5693656,-6.1750763],[106.5692156,-6.1751585],[106.5690618,-6.1751544],[106.5688768,-6.1751144],[106.5688186,-6.1750336],[106.5687101,-6.1748644],[106.5685839,-6.1748441],[106.5684702,-6.1748821],[106.5683339,-6.1749983],[106.568233,-6.1751498],[106.568127,-6.1754],[106.568016,-6.1756929],[106.5679894,-6.1757987],[106.5677677,-6.175889],[106.5676154,-6.17594],[106.5674241,-6.1760523],[106.5672796,-6.1761706],[106.5672007,-6.1762247],[106.5671313,-6.1762314],[106.5670718,-6.1762371],[106.5669513,-6.1762372],[106.5668474,-6.1762579],[106.566731,-6.1764117],[106.566519,-6.1767317],[106.5661159,-6.1771251],[106.565996,-6.1772031],[106.5658831,-6.1771682],[106.5658249,-6.1770062],[106.5657516,-6.1769278],[106.5656673,-6.17689],[106.5655383,-6.1769796],[106.5654311,-6.1772946],[106.5654103,-6.1773864],[106.5653029,-6.1777457],[106.5653113,-6.1778701],[106.5654043,-6.1780572],[106.5654583,-6.1781528],[106.5654305,-6.1782206],[106.5653915,-6.1782852],[106.5652736,-6.1782965],[106.5651382,-6.1782567],[106.5650094,-6.1780905],[106.5648847,-6.1780614],[106.5647725,-6.178078],[106.5646833,-6.1781569],[106.5647434,-6.1785601],[106.564785,-6.1789675],[106.5648432,-6.1791586],[106.5649288,-6.1794614],[106.5649496,-6.1796068],[106.5649538,-6.179744],[106.5648748,-6.1798188],[106.5646961,-6.1798728],[106.5646171,-6.1798438],[106.5645422,-6.1797523],[106.5644981,-6.1796298],[106.5644824,-6.1795481],[106.5643843,-6.1794407],[106.5642429,-6.1793659],[106.5640878,-6.1793151],[106.5639406,-6.1793324],[106.5638241,-6.1793864],[106.5637546,-6.1794455],[106.563546,-6.1794247],[106.563433,-6.1794316],[106.5632499,-6.1795305],[106.563022,-6.1797024],[106.5629046,-6.1797634],[106.5627241,-6.17977],[106.5626501,-6.1797612],[106.5625218,-6.1797983],[106.562363,-6.1799442],[106.5622352,-6.1800352],[106.5621683,-6.1801391],[106.5621618,-6.180261],[106.5621684,-6.1803263],[106.562164,-6.1803633],[106.5621445,-6.1803785],[106.5620898,-6.1803677],[106.5619226,-6.1802458],[106.5617156,-6.1801932],[106.5615468,-6.1800977],[106.5614499,-6.1800343],[106.5612466,-6.1800955],[106.5610704,-6.1800791],[106.5609557,-6.1800866],[106.560884,-6.1800868],[106.5607908,-6.1800943],[106.5607048,-6.1801304],[106.5605901,-6.1801308],[106.5605185,-6.1801884],[106.5604828,-6.1802316],[106.5604471,-6.1802963],[106.5603685,-6.1803898],[106.5603472,-6.180476],[106.5601548,-6.1808785],[106.560105,-6.1810294],[106.5600623,-6.18113],[106.560041,-6.1812234],[106.5600489,-6.1813143],[106.5598249,-6.1816081],[106.5594443,-6.1820547],[106.5593174,-6.1821117],[106.5592451,-6.1821401],[106.5591707,-6.1822584],[106.5590548,-6.1824182],[106.5589804,-6.1824621],[106.5588688,-6.1824095],[106.5587658,-6.1823482],[106.5587318,-6.1823394],[106.5586387,-6.1823381],[106.5585135,-6.1824415],[106.5584321,-6.1826069],[106.558334,-6.1827115],[106.5580654,-6.1828578],[106.5578432,-6.1830746],[106.5577211,-6.1830967],[106.557525,-6.1830547],[106.557455,-6.1830947],[106.557377,-6.1831128],[106.5573689,-6.1830587],[106.5572928,-6.1829626],[106.5571668,-6.1828825],[106.5570987,-6.1829046],[106.5570443,-6.1829771],[106.5569944,-6.1830311],[106.5569362,-6.18311],[106.5568531,-6.1832056],[106.5567035,-6.1832888],[106.5563252,-6.1834135],[106.5561922,-6.1834011],[106.5560965,-6.1834015],[106.5559616,-6.1834923],[106.5555723,-6.1834904],[106.5553068,-6.1834624],[106.5551131,-6.1834343],[106.5549052,-6.1834564],[106.5546039,-6.1834573],[106.5544605,-6.1834434],[106.5543385,-6.1834222],[106.5542094,-6.1834226],[106.5541091,-6.1834588],[106.5540088,-6.1835093],[106.5538945,-6.1836485],[106.5537657,-6.1836942],[106.5536659,-6.1838729],[106.5536326,-6.1839394],[106.5535371,-6.1840309],[106.5534414,-6.1841139],[106.5533043,-6.1841639],[106.5532045,-6.184168],[106.5531297,-6.1842013],[106.5530798,-6.184272],[106.5531214,-6.1844091],[106.5531672,-6.1844423],[106.5532295,-6.1844631],[106.5532877,-6.1845005],[106.5533002,-6.1845753],[106.5532919,-6.184646],[106.5531215,-6.1847416],[106.5531173,-6.1848122],[106.5531713,-6.1848704],[106.5532005,-6.1849784],[106.5531797,-6.1850616],[106.553109,-6.1851198],[106.5530051,-6.1851697],[106.5529344,-6.1851696],[106.5528845,-6.1851489],[106.5528679,-6.185099],[106.5528803,-6.1850117],[106.552872,-6.1849286],[106.5528305,-6.1848787],[106.5527348,-6.1848372],[106.5526559,-6.1847749],[106.5525935,-6.1847583],[106.5525478,-6.1847748],[106.5524896,-6.1848663],[106.5525063,-6.1849703],[106.5525437,-6.1851614],[106.5524896,-6.1852778],[106.5524969,-6.1853644],[106.5525385,-6.1854101],[106.5526466,-6.185435],[106.5527546,-6.1854724],[106.5528253,-6.1855514],[106.5528586,-6.1856553],[106.5528628,-6.1857343],[106.5528794,-6.1857925],[106.552921,-6.185834],[106.5529335,-6.1859338],[106.5529085,-6.1859961],[106.5528586,-6.1860044],[106.5525884,-6.1860252],[106.5524679,-6.1860709],[106.5523473,-6.1862206],[106.5523277,-6.1862638],[106.552356,-6.1864246],[106.5523851,-6.1864804],[106.5523973,-6.1865313],[106.55239,-6.1865848],[106.5524191,-6.1866576],[106.5524725,-6.1866941],[106.5525502,-6.1867352],[106.5526957,-6.1868664],[106.5527685,-6.1869731],[106.552851,-6.1870192],[106.5529457,-6.1870483],[106.5529293,-6.1871564],[106.5529043,-6.1872031],[106.5528793,-6.1872176],[106.5528112,-6.1872393],[106.5526965,-6.1872504],[106.5526463,-6.1872721],[106.5526213,-6.1872901],[106.552582,-6.1873297],[106.5525641,-6.1873692],[106.5525643,-6.1874159],[106.5525573,-6.1874877],[106.552561,-6.18752],[106.5525754,-6.1875522],[106.5526206,-6.1875751],[106.5526551,-6.1876353],[106.5528499,-6.1878484],[106.5529708,-6.1878741],[106.5531575,-6.1879453],[106.5531861,-6.1880008],[106.5532825,-6.1880707],[106.553384,-6.188134],[106.5533025,-6.188275],[106.5519898,-6.1881927],[106.551454,-6.190044]]]]},"properties":{"admin_level":"5","boundary":"administrative","name":"Tangerang","name:ar":"تانقيرانق","official_name":"Kota Tangerang","place":"city","wikidata":"Q10127","wikipedia":"id:Kota Tangerang","gathraCode":"KOTA_TANGERANG","osmRelationId":7641583}}]}
